"sPRS__Guarantor_Id__c","sPRS__Notes__c"
"200001.0",""
"200002.0",""
"200003.0",""
"200004.0",""
"200005.0",""
"200006.0",""
"200007.0",""
"200008.0",""
"200009.0",""
"200010.0",""
"200011.0",""
"200012.0",""
"200013.0",""
"200014.0",""
"200015.0",""
"200016.0",""
"200017.0",""
"200018.0",""
"200019.0",""
"200020.0",""
"200021.0",""
"200022.0",""
"200000.0",""
"200023.0",""
"200024.0",""
"200025.0",""
"200026.0",""
"200027.0",""
"200028.0",""
"200029.0",""
"200030.0",""
"200031.0",""
"200032.0",""
"200033.0",""
"200034.0",""
"200035.0",""
"200036.0",""
"200037.0",""
"200038.0",""
"200039.0",""
