"Amount__c","Deposit_Date__c","ID__c","Payor__r.Unique_Id__c"
"152.0","2008-12-31T00:00:00.000Z","498072:20081231:I9137:910037","TOLEDO_STAR910037"
"1171.2","2009-01-29T00:00:00.000Z","498073:20090129:I9137:910037","TOLEDO_STAR910037"
"86.0","2012-07-19T00:00:00.000Z","498074:20120719:P0014:","TOLEDO_STARPatient"
"11.22","2012-07-15T00:00:00.000Z","498074:20120715:P0014:","TOLEDO_STARPatient"
"697.02","2009-03-11T00:00:00.000Z","498074:20090311:I9137:910037","TOLEDO_STAR910037"
"28392.0","2016-05-31T00:00:00.000Z","645765:20160531:I9137:910037","TOLEDO_STAR910037"
"140.25","2016-06-15T00:00:00.000Z","486220:20160615:I3009:300009","TOLEDO_STAR300009"
"313.56","2016-09-04T00:00:00.000Z","981696:20160904:I8511:851001","TOLEDO_STAR851001"
"609.89","2015-03-30T00:00:00.000Z","1030598:20150330:I8514:851004","TOLEDO_STAR851004"
"678.4","2009-06-09T00:00:00.000Z","498075:20090609:I9137:910037","TOLEDO_STAR910037"
"732.8","2009-12-01T00:00:00.000Z","498076:20091201:I9137:910037","TOLEDO_STAR910037"
"624.8","2009-12-01T00:00:00.000Z","498077:20091201:I9137:910037","TOLEDO_STAR910037"
"50.0","2010-01-24T00:00:00.000Z","498078:20100124:P0003:","TOLEDO_STARPatient"
"0.0","2010-01-03T00:00:00.000Z","498078:20100103:I9137:910037","TOLEDO_STAR910037"
"998.0","2010-06-13T00:00:00.000Z","498081:20100613:I9137:910037","TOLEDO_STAR910037"
"1264.8","2010-06-17T00:00:00.000Z","498080:20100617:I9137:910037","TOLEDO_STAR910037"
"0.0","2010-09-26T00:00:00.000Z","444657:20100926:I6399:603099","TOLEDO_STAR603099"
"0.0","2010-09-05T00:00:00.000Z","444657:20100905:I6399:603099","TOLEDO_STAR603099"
"1276.22","2010-08-23T00:00:00.000Z","444657:20100823:I1004:100004","TOLEDO_STAR100004"
"4.37","2016-07-26T00:00:00.000Z","486224:20160726:I3009:300009","TOLEDO_STAR300009"
"0.0","2011-06-09T00:00:00.000Z","444658:20110609:I6032:603099","TOLEDO_STAR603099"
"0.01","2011-04-18T00:00:00.000Z","444658:20110418:I6032:603099","TOLEDO_STAR603099"
"0.0","2011-03-28T00:00:00.000Z","444658:20110328:I6032:603099","TOLEDO_STAR603099"
"153.83","2011-03-22T00:00:00.000Z","444658:20110322:I1004:100004","TOLEDO_STAR100004"
"50.0","2016-09-06T00:00:00.000Z","444699:20160906:P0003:","TOLEDO_STARPatient"
"50.0","2016-08-08T00:00:00.000Z","444699:20160808:P0003:","TOLEDO_STARPatient"
"50.0","2016-07-07T00:00:00.000Z","444699:20160707:P0003:","TOLEDO_STARPatient"
"50.0","2016-06-06T00:00:00.000Z","444699:20160606:P0003:","TOLEDO_STARPatient"
"50.0","2016-05-09T00:00:00.000Z","444699:20160509:P0003:","TOLEDO_STARPatient"
"40.0","2014-03-24T00:00:00.000Z","359774:20140324:P0001:","TOLEDO_STARPatient"
"120.78","2014-08-19T00:00:00.000Z","385920:20140819:P0003:","TOLEDO_STARPatient"
"0.0","2014-07-21T00:00:00.000Z","385920:20140721:I3219:320019","TOLEDO_STAR320019"
"0.0","2015-09-17T00:00:00.000Z","387066:20150917:I8514:851004","TOLEDO_STAR851004"
"0.37","2014-04-01T00:00:00.000Z","444664:20140401:I6032:603099","TOLEDO_STAR603099"
"90.58","2014-03-27T00:00:00.000Z","444664:20140327:I1004:100004","TOLEDO_STAR100004"
"0.22","2014-04-29T00:00:00.000Z","444665:20140429:I6032:603099","TOLEDO_STAR603099"
"54.12","2014-04-17T00:00:00.000Z","444665:20140417:I1004:100004","TOLEDO_STAR100004"
"0.22","2014-07-06T00:00:00.000Z","444668:20140706:I6399:603099","TOLEDO_STAR603099"
"54.12","2014-06-11T00:00:00.000Z","444668:20140611:I1004:100004","TOLEDO_STAR100004"
"13.8","2014-12-23T00:00:00.000Z","444686:20141223:I6399:603099","TOLEDO_STAR603099"
"54.12","2014-12-15T00:00:00.000Z","444686:20141215:I1004:100004","TOLEDO_STAR100004"
"0.22","2014-09-25T00:00:00.000Z","444675:20140925:I6399:603099","TOLEDO_STAR603099"
"54.12","2014-09-07T00:00:00.000Z","444675:20140907:I1004:100004","TOLEDO_STAR100004"
"15.57","2015-08-31T00:00:00.000Z","444692:20150831:P0003:","TOLEDO_STARPatient"
"0.55","2015-07-01T00:00:00.000Z","444692:20150701:I6399:603099","TOLEDO_STAR603099"
"135.59","2015-06-18T00:00:00.000Z","444692:20150618:I1004:100004","TOLEDO_STAR100004"
"0.27","2015-07-22T00:00:00.000Z","444697:20150722:I6399:603099","TOLEDO_STAR603099"
"67.8","2015-07-14T00:00:00.000Z","444697:20150714:I1004:100004","TOLEDO_STAR100004"
"0.28","2015-08-25T00:00:00.000Z","444698:20150825:I6399:603099","TOLEDO_STAR603099"
"67.8","2015-08-11T00:00:00.000Z","444698:20150811:I1004:100004","TOLEDO_STAR100004"
"0.27","2015-11-04T00:00:00.000Z","444700:20151104:I6399:603099","TOLEDO_STAR603099"
"67.8","2015-10-19T00:00:00.000Z","444700:20151019:I1004:100004","TOLEDO_STAR100004"
"50.0","2016-03-08T00:00:00.000Z","444695:20160308:P0003:","TOLEDO_STARPatient"
"1.23","2016-01-19T00:00:00.000Z","444695:20160119:I6399:603099","TOLEDO_STAR603099"
"299.96","2016-01-04T00:00:00.000Z","444695:20160104:I1004:100004","TOLEDO_STAR100004"
"12.59","2014-01-05T00:00:00.000Z","445254:20140105:I8519:851009","TOLEDO_STAR851009"
"62.53","2014-01-05T00:00:00.000Z","445255:20140105:I8519:851009","TOLEDO_STAR851009"
"12.59","2014-01-15T00:00:00.000Z","445256:20140115:I8519:851009","TOLEDO_STAR851009"
"50.0","2016-04-06T00:00:00.000Z","444699:20160406:P0003:","TOLEDO_STARPatient"
"13.2","2016-01-12T00:00:00.000Z","444699:20160112:I6399:603099","TOLEDO_STAR603099"
"3522.81","2016-01-04T00:00:00.000Z","444699:20160104:I1004:100004","TOLEDO_STAR100004"
"464.51","2011-07-19T00:00:00.000Z","498082:20110719:I3009:300009","TOLEDO_STAR300009"
"430.2","2011-09-05T00:00:00.000Z","498083:20110905:I3009:300009","TOLEDO_STAR300009"
"0.0","2012-02-08T00:00:00.000Z","720070:20120208:I6734:607034","TOLEDO_STAR607034"
"51.94","2012-04-01T00:00:00.000Z","359766:20120401:I1004:100004","TOLEDO_STAR100004"
"142.49","2016-04-27T00:00:00.000Z","44755:20160427:I8514:851004","TOLEDO_STAR851004"
"400.48","2013-11-12T00:00:00.000Z","444659:20131112:I6039:603099","TOLEDO_STAR603099"
"3457.94","2013-10-30T00:00:00.000Z","444659:20131030:I0012:100004","TOLEDO_STAR100004"
"0.0","2013-02-20T00:00:00.000Z","444659:20130220:I6032:603099","TOLEDO_STAR603099"
"6253.9","2013-02-10T00:00:00.000Z","444659:20130210:I1004:100004","TOLEDO_STAR100004"
"111.01","2013-02-28T00:00:00.000Z","444660:20130228:I1004:100004","TOLEDO_STAR100004"
"33.78","2013-02-26T00:00:00.000Z","444660:20130226:I6032:603099","TOLEDO_STAR603099"
"0.0","2013-02-20T00:00:00.000Z","720071:20130220:I6734:607034","TOLEDO_STAR607034"
"90.53","2013-03-19T00:00:00.000Z","444661:20130319:I6032:603099","TOLEDO_STAR603099"
"317.28","2013-03-11T00:00:00.000Z","444661:20130311:I1004:100004","TOLEDO_STAR100004"
"0.0","2013-03-13T00:00:00.000Z","720072:20130313:I6734:607034","TOLEDO_STAR607034"
"12.1","2016-01-19T00:00:00.000Z","645736:20160119:I9137:910037","TOLEDO_STAR910037"
"1702.73","2015-12-15T00:00:00.000Z","645735:20151215:I9137:910037","TOLEDO_STAR910037"
"-40.0","2016-02-21T00:00:00.000Z","486208:20160221:P1899:","TOLEDO_STARPatient"
"0.0","2016-01-24T00:00:00.000Z","486208:20160124:I3009:300009","TOLEDO_STAR300009"
"40.0","2016-01-10T00:00:00.000Z","486208:20160110:P1899:","TOLEDO_STARPatient"
"0.0","2015-12-21T00:00:00.000Z","486208:20151221:I3009:300009","TOLEDO_STAR300009"
"17.69","2016-04-07T00:00:00.000Z","387070:20160407:I8514:851004","TOLEDO_STAR851004"
"136.38","2016-02-07T00:00:00.000Z","387070:20160207:I8514:851004","TOLEDO_STAR851004"
"2013.6","2015-12-29T00:00:00.000Z","645739:20151229:I9137:910037","TOLEDO_STAR910037"
"0.85","2014-06-17T00:00:00.000Z","444662:20140617:I6399:603099","TOLEDO_STAR603099"
"208.09","2014-06-01T00:00:00.000Z","444662:20140601:I1004:100004","TOLEDO_STAR100004"
"12.59","2014-02-06T00:00:00.000Z","445259:20140206:I8519:851009","TOLEDO_STAR851009"
"12.59","2014-03-17T00:00:00.000Z","445261:20140317:I8519:851009","TOLEDO_STAR851009"
"157.88","2015-03-31T00:00:00.000Z","445289:20150331:I8519:851009","TOLEDO_STAR851009"
"113.29","2015-04-05T00:00:00.000Z","445290:20150405:I8519:851009","TOLEDO_STAR851009"
"30.0","2014-09-03T00:00:00.000Z","486173:20140903:P0002:","TOLEDO_STARPatient"
"30.0","2014-08-05T00:00:00.000Z","486173:20140805:P0002:","TOLEDO_STARPatient"
"30.0","2014-07-07T00:00:00.000Z","486173:20140707:P0002:","TOLEDO_STARPatient"
"30.0","2014-05-26T00:00:00.000Z","486173:20140526:P0002:","TOLEDO_STARPatient"
"542.84","2014-04-22T00:00:00.000Z","486173:20140422:I3011:300011","TOLEDO_STAR300011"
"1216.0","2015-06-08T00:00:00.000Z","486195:20150608:I3009:300009","TOLEDO_STAR300009"
"4907.84","2015-06-02T00:00:00.000Z","486195:20150602:I1001:100001","TOLEDO_STAR100001"
"-100.0","2015-08-17T00:00:00.000Z","486196:20150817:P1899:","TOLEDO_STARPatient"
"317.0","2015-08-16T00:00:00.000Z","486196:20150816:I3009:300009","TOLEDO_STAR300009"
"686.0","2015-07-20T00:00:00.000Z","486196:20150720:I3009:300009","TOLEDO_STAR300009"
"100.0","2015-06-16T00:00:00.000Z","486196:20150616:P0011:","TOLEDO_STARPatient"
"11.63","2015-07-21T00:00:00.000Z","486197:20150721:I3009:300009","TOLEDO_STAR300009"
"150.0","2015-11-16T00:00:00.000Z","486200:20151116:P0003:","TOLEDO_STARPatient"
"1117.0","2015-10-26T00:00:00.000Z","486200:20151026:I3009:300009","TOLEDO_STAR300009"
"94.52","2014-04-06T00:00:00.000Z","498091:20140406:P0003:","TOLEDO_STARPatient"
"378.12","2014-03-20T00:00:00.000Z","498091:20140320:I3009:300009","TOLEDO_STAR300009"
"144.16","2014-03-05T00:00:00.000Z","498089:20140305:I3009:300009","TOLEDO_STAR300009"
"30.0","2014-01-30T00:00:00.000Z","498089:20140130:P0003:","TOLEDO_STARPatient"
"300.64","2014-02-02T00:00:00.000Z","498088:20140202:I3009:300009","TOLEDO_STAR300009"
"30.0","2014-01-15T00:00:00.000Z","498088:20140115:P0011:","TOLEDO_STARPatient"
"30.0","2014-01-09T00:00:00.000Z","498088:20140109:P0011:","TOLEDO_STARPatient"
"133.52","2014-01-28T00:00:00.000Z","498087:20140128:I3009:300009","TOLEDO_STAR300009"
"30.0","2013-12-18T00:00:00.000Z","498087:20131218:P0011:","TOLEDO_STARPatient"
"742.21","2015-09-06T00:00:00.000Z","498108:20150906:I3009:300009","TOLEDO_STAR300009"
"1459.98","2015-07-22T00:00:00.000Z","498105:20150722:I3009:300009","TOLEDO_STAR300009"
"0.63","2014-04-16T00:00:00.000Z","444663:20140416:I6032:603099","TOLEDO_STAR603099"
"153.97","2014-04-07T00:00:00.000Z","444663:20140407:I1004:100004","TOLEDO_STAR100004"
"179.2","2014-06-03T00:00:00.000Z","498094:20140603:I3009:300009","TOLEDO_STAR300009"
"232.45","2016-03-29T00:00:00.000Z","645752:20160329:I9137:910037","TOLEDO_STAR910037"
"273.49","2014-08-19T00:00:00.000Z","498097:20140819:I3009:300009","TOLEDO_STAR300009"
"0.0","2015-02-12T00:00:00.000Z","1018793:20150212:I3206:320006","TOLEDO_STAR320006"
"96.88","2016-11-06T00:00:00.000Z","1070546:20161106:I2401:240001","TOLEDO_STAR240001"
"378.12","2015-05-26T00:00:00.000Z","498104:20150526:I3009:300009","TOLEDO_STAR300009"
"5.91","2015-09-17T00:00:00.000Z","275416:20150917:I8511:851001","TOLEDO_STAR851001"
"1945.6","2015-09-02T00:00:00.000Z","645711:20150902:I9137:910037","TOLEDO_STAR910037"
"0.0","2015-09-30T00:00:00.000Z","2183:20150930:I3103:310003","TOLEDO_STAR310003"
"0.0","2017-01-04T00:00:00.000Z","1081779:20170104:I3219:320019","TOLEDO_STAR320019"
"-9.92","2017-01-17T00:00:00.000Z","1082045:20170117:P1899:","TOLEDO_STARPatient"
"785.61","2016-11-08T00:00:00.000Z","1082045:20161108:I3114:310014","TOLEDO_STAR310014"
"50.0","2016-10-26T00:00:00.000Z","1082045:20161026:P0001:","TOLEDO_STARPatient"
"411.55","2015-11-02T00:00:00.000Z","445297:20151102:I8519:851009","TOLEDO_STAR851009"
"312.69","2015-11-29T00:00:00.000Z","445298:20151129:I8519:851009","TOLEDO_STAR851009"
"22.48","2015-12-13T00:00:00.000Z","26694:20151213:I8514:851004","TOLEDO_STAR851004"
"8.31","2015-11-17T00:00:00.000Z","26696:20151117:I8514:851004","TOLEDO_STAR851004"
"20.54","2015-11-29T00:00:00.000Z","26698:20151129:I8514:851004","TOLEDO_STAR851004"
"182.0","2016-01-07T00:00:00.000Z","445299:20160107:I8519:851009","TOLEDO_STAR851009"
"0.27","2015-12-01T00:00:00.000Z","444702:20151201:I6399:603099","TOLEDO_STAR603099"
"67.8","2015-11-23T00:00:00.000Z","444702:20151123:I1004:100004","TOLEDO_STAR100004"
"16.89","2015-12-01T00:00:00.000Z","645731:20151201:I9137:910037","TOLEDO_STAR910037"
"0.0","2017-02-01T00:00:00.000Z","1080840:20170201:I8511:851001","TOLEDO_STAR851001"
"13.35","2016-11-23T00:00:00.000Z","1080840:20161123:I8511:851001","TOLEDO_STAR851001"
"11.54","2016-01-07T00:00:00.000Z","708769:20160107:I8514:851004","TOLEDO_STAR851004"
"309.6","2008-04-15T00:00:00.000Z","444655:20080415:I1004:100004","TOLEDO_STAR100004"
"0.0","2015-12-01T00:00:00.000Z","645734:20151201:I9137:910037","TOLEDO_STAR910037"
"105.08","2014-02-27T00:00:00.000Z","635400:20140227:I8511:851001","TOLEDO_STAR851001"
"185.2","2014-04-16T00:00:00.000Z","635401:20140416:I8519:851009","TOLEDO_STAR851009"
"533.81","2014-11-17T00:00:00.000Z","635406:20141117:I8519:851009","TOLEDO_STAR851009"
"892.72","2015-05-05T00:00:00.000Z","635411:20150505:I8519:851009","TOLEDO_STAR851009"
"203.75","2015-09-16T00:00:00.000Z","635415:20150916:I8519:851009","TOLEDO_STAR851009"
"2048.21","2015-09-30T00:00:00.000Z","645715:20150930:I9137:910037","TOLEDO_STAR910037"
"18.64","2015-09-02T00:00:00.000Z","645708:20150902:I9137:910037","TOLEDO_STAR910037"
"89.13","2015-09-02T00:00:00.000Z","645712:20150902:I9137:910037","TOLEDO_STAR910037"
"13.51","2015-09-08T00:00:00.000Z","645714:20150908:I9137:910037","TOLEDO_STAR910037"
"89.13","2015-09-30T00:00:00.000Z","645721:20150930:I9137:910037","TOLEDO_STAR910037"
"5646.27","2015-03-11T00:00:00.000Z","645707:20150311:I8511:851001","TOLEDO_STAR851001"
"16.34","2015-10-13T00:00:00.000Z","645716:20151013:I9137:910037","TOLEDO_STAR910037"
"2440.19","2015-10-06T00:00:00.000Z","645719:20151006:I9137:910037","TOLEDO_STAR910037"
"2432.0","2015-10-13T00:00:00.000Z","645724:20151013:I9137:910037","TOLEDO_STAR910037"
"195.74","2015-07-09T00:00:00.000Z","739098:20150709:I2401:240001","TOLEDO_STAR240001"
"0.0","2015-10-07T00:00:00.000Z","834017:20151007:I8514:851004","TOLEDO_STAR851004"
"221.23","2015-10-07T00:00:00.000Z","981689:20151007:I8514:851004","TOLEDO_STAR851004"
"15.07","2015-10-26T00:00:00.000Z","981688:20151026:I8514:851004","TOLEDO_STAR851004"
"38.72","2015-06-29T00:00:00.000Z","981687:20150629:I8514:851004","TOLEDO_STAR851004"
"142.49","2016-01-07T00:00:00.000Z","1030600:20160107:I8514:851004","TOLEDO_STAR851004"
"142.49","2016-02-07T00:00:00.000Z","1030601:20160207:I8514:851004","TOLEDO_STAR851004"
"142.49","2016-03-15T00:00:00.000Z","1030599:20160315:I8514:851004","TOLEDO_STAR851004"
"189.6","2016-02-07T00:00:00.000Z","657246:20160207:I8514:851004","TOLEDO_STAR851004"
"0.22","2014-04-29T00:00:00.000Z","444666:20140429:I6032:603099","TOLEDO_STAR603099"
"54.12","2014-04-21T00:00:00.000Z","444666:20140421:I1004:100004","TOLEDO_STAR100004"
"0.22","2014-07-31T00:00:00.000Z","444669:20140731:I6399:603099","TOLEDO_STAR603099"
"54.12","2014-06-29T00:00:00.000Z","444669:20140629:I1004:100004","TOLEDO_STAR100004"
"0.0","2015-02-03T00:00:00.000Z","444688:20150203:I6399:603099","TOLEDO_STAR603099"
"392.17","2016-02-07T00:00:00.000Z","445301:20160207:I8519:851009","TOLEDO_STAR851009"
"306.0","2015-12-31T00:00:00.000Z","720113:20151231:P0003:","TOLEDO_STARPatient"
"24.0","2015-12-08T00:00:00.000Z","720113:20151208:I3102:310002","TOLEDO_STAR310002"
"162.71","2016-01-11T00:00:00.000Z","445302:20160111:I8519:851009","TOLEDO_STAR851009"
"1642.48","2016-09-04T00:00:00.000Z","387069:20160904:I8514:851004","TOLEDO_STAR851004"
"-9.73","2015-11-22T00:00:00.000Z","173013:20151122:I3299:320006","TOLEDO_STAR320006"
"487.73","2015-03-05T00:00:00.000Z","173013:20150305:I3206:320006","TOLEDO_STAR320006"
"127.19","2016-01-20T00:00:00.000Z","26702:20160120:I8514:851004","TOLEDO_STAR851004"
"12.82","2016-02-28T00:00:00.000Z","486207:20160228:P1899:","TOLEDO_STARPatient"
"40.0","2016-02-22T00:00:00.000Z","486207:20160222:P1899:","TOLEDO_STARPatient"
"40.0","2016-02-01T00:00:00.000Z","486207:20160201:P1899:","TOLEDO_STARPatient"
"148.69","2016-01-18T00:00:00.000Z","486207:20160118:I3009:300009","TOLEDO_STAR300009"
"14.95","2016-01-06T00:00:00.000Z","645738:20160106:I9137:910037","TOLEDO_STAR910037"
"7.6","2015-12-29T00:00:00.000Z","720114:20151229:I3102:310002","TOLEDO_STAR310002"
"88.8","2015-12-29T00:00:00.000Z","645740:20151229:I9137:910037","TOLEDO_STAR910037"
"665.86","2016-03-06T00:00:00.000Z","445303:20160306:I8519:851009","TOLEDO_STAR851009"
"103.29","2016-03-10T00:00:00.000Z","387071:20160310:I8514:851004","TOLEDO_STAR851004"
"15.02","2016-01-05T00:00:00.000Z","720115:20160105:I3102:310002","TOLEDO_STAR310002"
"212.66","2016-05-11T00:00:00.000Z","720116:20160511:P0003:","TOLEDO_STARPatient"
"1.24","2016-03-27T00:00:00.000Z","720116:20160327:P0011:","TOLEDO_STARPatient"
"-285.2","2016-03-22T00:00:00.000Z","720116:20160322:I3102:310002","TOLEDO_STAR310002"
"0.0","2016-01-19T00:00:00.000Z","720116:20160119:I3102:310002","TOLEDO_STAR310002"
"855.6","2016-01-05T00:00:00.000Z","720116:20160105:I3102:310002","TOLEDO_STAR310002"
"0.0","2016-02-28T00:00:00.000Z","173018:20160228:I3206:320006","TOLEDO_STAR320006"
"350.07","2016-02-14T00:00:00.000Z","173018:20160214:I3206:320006","TOLEDO_STAR320006"
"16.35","2014-09-16T00:00:00.000Z","498098:20140916:I3009:300009","TOLEDO_STAR300009"
"49.81","2016-08-30T00:00:00.000Z","22277:20160830:I2401:240001","TOLEDO_STAR240001"
"0.0","2016-08-21T00:00:00.000Z","22277:20160821:I2401:240001","TOLEDO_STAR240001"
"0.0","2016-08-18T00:00:00.000Z","22277:20160818:I2401:240001","TOLEDO_STAR240001"
"67.8","2015-01-25T00:00:00.000Z","444688:20150125:I1004:100004","TOLEDO_STAR100004"
"0.0","2015-11-16T00:00:00.000Z","449730:20151116:I3102:310002","TOLEDO_STAR310002"
"2432.0","2015-12-01T00:00:00.000Z","645733:20151201:I9137:910037","TOLEDO_STAR910037"
"13.51","2015-09-30T00:00:00.000Z","645718:20150930:I9137:910037","TOLEDO_STAR910037"
"0.0","2013-12-22T00:00:00.000Z","720076:20131222:I3102:310002","TOLEDO_STAR310002"
"0.0","2014-07-24T00:00:00.000Z","720074:20140724:I3102:310002","TOLEDO_STAR310002"
"504.0","2014-07-03T00:00:00.000Z","720079:20140703:P0011:","TOLEDO_STARPatient"
"0.0","2014-04-15T00:00:00.000Z","720079:20140415:I3102:310002","TOLEDO_STAR310002"
"8.7","2015-04-07T00:00:00.000Z","720093:20150407:I3102:310002","TOLEDO_STAR310002"
"0.0","2014-07-02T00:00:00.000Z","720084:20140702:I3102:310002","TOLEDO_STAR310002"
"13.52","2014-09-16T00:00:00.000Z","720086:20140916:I3102:310002","TOLEDO_STAR310002"
"160.71","2015-05-12T00:00:00.000Z","720089:20150512:P0003:","TOLEDO_STARPatient"
"24.09","2015-01-20T00:00:00.000Z","720089:20150120:I3102:310002","TOLEDO_STAR310002"
"84.45","2015-05-12T00:00:00.000Z","720091:20150512:P0003:","TOLEDO_STARPatient"
"337.79","2015-03-11T00:00:00.000Z","720091:20150311:I3102:310002","TOLEDO_STAR310002"
"43.9","2015-08-03T00:00:00.000Z","720096:20150803:P0011:","TOLEDO_STARPatient"
"175.62","2015-06-08T00:00:00.000Z","720096:20150608:I3102:310002","TOLEDO_STAR310002"
"175.04","2015-08-03T00:00:00.000Z","720097:20150803:P0011:","TOLEDO_STARPatient"
"700.24","2015-07-07T00:00:00.000Z","720097:20150707:I3102:310002","TOLEDO_STAR310002"
"335.3","2015-09-08T00:00:00.000Z","720101:20150908:P0011:","TOLEDO_STARPatient"
"1341.34","2015-08-05T00:00:00.000Z","720101:20150805:I3102:310002","TOLEDO_STAR310002"
"6.49","2015-10-13T00:00:00.000Z","720109:20151013:I3102:310002","TOLEDO_STAR310002"
"7.2","2015-11-10T00:00:00.000Z","720112:20151110:I3102:310002","TOLEDO_STAR310002"
"9.64","2015-12-15T00:00:00.000Z","873247:20151215:I3102:310002","TOLEDO_STAR310002"
"0.0","2015-12-08T00:00:00.000Z","873247:20151208:I3102:310002","TOLEDO_STAR310002"
"8970.38","2016-01-28T00:00:00.000Z","882440:20160128:I1004:100004","TOLEDO_STAR100004"
"50.0","2016-08-30T00:00:00.000Z","981694:20160830:P0003:","TOLEDO_STARPatient"
"50.0","2016-08-01T00:00:00.000Z","981694:20160801:P0003:","TOLEDO_STARPatient"
"50.0","2016-06-30T00:00:00.000Z","981694:20160630:P0003:","TOLEDO_STARPatient"
"0.0","2016-03-08T00:00:00.000Z","981694:20160308:I8511:851001","TOLEDO_STAR851001"
"0.0","2016-08-14T00:00:00.000Z","22277:20160814:I2401:240001","TOLEDO_STAR240001"
"0.0","2016-08-11T00:00:00.000Z","22277:20160811:I2401:240001","TOLEDO_STAR240001"
"0.0","2016-08-08T00:00:00.000Z","22277:20160808:I2401:240001","TOLEDO_STAR240001"
"7.0","2016-06-15T00:00:00.000Z","22277:20160615:I3102:310002","TOLEDO_STAR310002"
"2336.77","2016-02-09T00:00:00.000Z","645741:20160209:I9137:910037","TOLEDO_STAR910037"
"295.38","2016-03-24T00:00:00.000Z","41823:20160324:I8514:851004","TOLEDO_STAR851004"
"192973.41","2016-03-15T00:00:00.000Z","882441:20160315:I1004:100004","TOLEDO_STAR100004"
"630.51","2016-01-27T00:00:00.000Z","498111:20160127:I3009:300009","TOLEDO_STAR300009"
"252.05","2016-01-26T00:00:00.000Z","173014:20160126:I3206:320006","TOLEDO_STAR320006"
"765.6","2016-02-02T00:00:00.000Z","645743:20160202:I9137:910037","TOLEDO_STAR910037"
"142.49","2016-04-07T00:00:00.000Z","41824:20160407:I8514:851004","TOLEDO_STAR851004"
"1401.93","2016-02-10T00:00:00.000Z","173015:20160210:I3206:320006","TOLEDO_STAR320006"
"37.8","2016-07-04T00:00:00.000Z","444703:20160704:I1004:100004","TOLEDO_STAR100004"
"0.0","2016-05-08T00:00:00.000Z","444703:20160508:I6399:603099","TOLEDO_STAR603099"
"71.85","2016-02-08T00:00:00.000Z","173016:20160208:I3206:320006","TOLEDO_STAR320006"
"957.0","2016-02-09T00:00:00.000Z","645745:20160209:I9137:910037","TOLEDO_STAR910037"
"16.98","2016-02-09T00:00:00.000Z","645746:20160209:I9137:910037","TOLEDO_STAR910037"
"394.8","2016-03-16T00:00:00.000Z","174748:20160316:P0003:","TOLEDO_STARPatient"
"0.0","2016-02-10T00:00:00.000Z","174748:20160210:I3009:300009","TOLEDO_STAR300009"
"0.0","2016-02-08T00:00:00.000Z","174747:20160208:I3009:300009","TOLEDO_STAR300009"
"0.0","2016-02-03T00:00:00.000Z","174746:20160203:I3009:300009","TOLEDO_STAR300009"
"59.3","2015-10-07T00:00:00.000Z","174745:20151007:P0003:","TOLEDO_STARPatient"
"0.0","2015-09-10T00:00:00.000Z","174745:20150910:I3009:300009","TOLEDO_STAR300009"
"75.0","2016-05-29T00:00:00.000Z","445305:20160529:P0003:","TOLEDO_STARPatient"
"0.0","2016-04-27T00:00:00.000Z","445305:20160427:I8519:851009","TOLEDO_STAR851009"
"277.31","2016-04-25T00:00:00.000Z","445305:20160425:I8519:851009","TOLEDO_STAR851009"
"474.56","2016-03-27T00:00:00.000Z","44754:20160327:I8514:851004","TOLEDO_STAR851004"
"23143.82","2016-03-01T00:00:00.000Z","645748:20160301:I9137:910037","TOLEDO_STAR910037"
"130.0","2015-10-22T00:00:00.000Z","869845:20151022:I2401:240001","TOLEDO_STAR240001"
"0.0","2016-06-06T00:00:00.000Z","445306:20160606:I8519:851009","TOLEDO_STAR851009"
"0.0","2017-02-05T00:00:00.000Z","1121155:20170205:I9137:910037","TOLEDO_STAR910037"
"0.0","2017-01-26T00:00:00.000Z","1121155:20170126:I9137:910037","TOLEDO_STAR910037"
"1555.5","2017-01-18T00:00:00.000Z","1121155:20170118:I9137:910037","TOLEDO_STAR910037"
"458.36","2016-07-27T00:00:00.000Z","664036:20160727:I9123:910023","TOLEDO_STAR910023"
"1124.8","2016-12-13T00:00:00.000Z","1098398:20161213:I9137:910037","TOLEDO_STAR910037"
"250.74","2017-02-01T00:00:00.000Z","1136792:20170201:I3206:320006","TOLEDO_STAR320006"
"1101.68","2017-01-25T00:00:00.000Z","1129159:20170125:I3206:320006","TOLEDO_STAR320006"
"525.42","2017-01-29T00:00:00.000Z","1134257:20170129:I3206:320006","TOLEDO_STAR320006"
"718.53","2017-01-25T00:00:00.000Z","1129795:20170125:I3009:300009","TOLEDO_STAR300009"
"576.17","2017-02-05T00:00:00.000Z","1136982:20170205:I3009:300009","TOLEDO_STAR300009"
"103.02","2017-01-25T00:00:00.000Z","1131670:20170125:I3206:320006","TOLEDO_STAR320006"
"3298.88","2016-12-19T00:00:00.000Z","1092383:20161219:I1004:100004","TOLEDO_STAR100004"
"11124.59","2016-11-30T00:00:00.000Z","1092383:20161130:I6721:607020","TOLEDO_STAR607020"
"1548.04","2017-01-26T00:00:00.000Z","1110874:20170126:I6721:607020","TOLEDO_STAR607020"
"602.76","2016-12-12T00:00:00.000Z","1098499:20161212:I3009:300009","TOLEDO_STAR300009"
"4478.19","2016-05-18T00:00:00.000Z","882447:20160518:I1004:100004","TOLEDO_STAR100004"
"103.02","2016-12-29T00:00:00.000Z","1113859:20161229:I3206:320006","TOLEDO_STAR320006"
"0.0","2016-10-19T00:00:00.000Z","882443:20161019:I1004:100004","TOLEDO_STAR100004"
"139.89","2016-03-21T00:00:00.000Z","882443:20160321:I1004:100004","TOLEDO_STAR100004"
"0.0","2016-10-19T00:00:00.000Z","1072310:20161019:I3009:300009","TOLEDO_STAR300009"
"201.44","2016-04-27T00:00:00.000Z","387073:20160427:I8514:851004","TOLEDO_STAR851004"
"2525.17","2016-03-09T00:00:00.000Z","645749:20160309:I9137:910037","TOLEDO_STAR910037"
"22943.97","2016-03-22T00:00:00.000Z","645750:20160322:I9137:910037","TOLEDO_STAR910037"
"350.07","2016-03-13T00:00:00.000Z","173020:20160313:I3206:320006","TOLEDO_STAR320006"
"35.61","2016-03-15T00:00:00.000Z","720119:20160315:I3102:310002","TOLEDO_STAR310002"
"1866.6","2016-04-11T00:00:00.000Z","486214:20160411:I3009:300009","TOLEDO_STAR300009"
"215.36","2016-05-15T00:00:00.000Z","275422:20160515:P0002:","TOLEDO_STARPatient"
"502.52","2016-04-12T00:00:00.000Z","275422:20160412:I8511:851001","TOLEDO_STAR851001"
"530.32","2016-03-29T00:00:00.000Z","720120:20160329:I3102:310002","TOLEDO_STAR310002"
"0.0","2016-03-29T00:00:00.000Z","498113:20160329:I3009:300009","TOLEDO_STAR300009"
"23159.24","2016-03-29T00:00:00.000Z","645753:20160329:I9137:910037","TOLEDO_STAR910037"
"751.16","2016-03-24T00:00:00.000Z","173021:20160324:I3206:320006","TOLEDO_STAR320006"
"8.21","2016-04-05T00:00:00.000Z","645754:20160405:I9137:910037","TOLEDO_STAR910037"
"168.35","2016-06-02T00:00:00.000Z","387074:20160602:I8514:851004","TOLEDO_STAR851004"
"142.49","2016-06-08T00:00:00.000Z","869846:20160608:I2001:200001","TOLEDO_STAR200001"
"2517.0","2016-04-05T00:00:00.000Z","645755:20160405:I9137:910037","TOLEDO_STAR910037"
"1282.78","2016-04-13T00:00:00.000Z","498114:20160413:I3009:300009","TOLEDO_STAR300009"
"16.89","2016-04-13T00:00:00.000Z","645756:20160413:I9137:910037","TOLEDO_STAR910037"
"316.16","2016-04-26T00:00:00.000Z","745888:20160426:I9137:910037","TOLEDO_STAR910037"
"8.17","2016-04-13T00:00:00.000Z","645758:20160413:I9137:910037","TOLEDO_STAR910037"
"18.49","2016-04-11T00:00:00.000Z","720121:20160411:I3102:310002","TOLEDO_STAR310002"
"521.0","2016-04-13T00:00:00.000Z","645759:20160413:I9137:910037","TOLEDO_STAR910037"
"143.11","2016-04-11T00:00:00.000Z","720122:20160411:I3102:310002","TOLEDO_STAR310002"
"0.0","2016-11-14T00:00:00.000Z","1086719:20161114:I1004:100004","TOLEDO_STAR100004"
"191.36","2016-05-03T00:00:00.000Z","745890:20160503:I9137:910037","TOLEDO_STAR910037"
"196.31","2016-09-26T00:00:00.000Z","1056009:20160926:I3114:310014","TOLEDO_STAR310014"
"801.94","2017-01-05T00:00:00.000Z","1120166:20170105:I3009:300009","TOLEDO_STAR300009"
"1260.0","2016-06-20T00:00:00.000Z","486217:20160620:I3009:300009","TOLEDO_STAR300009"
"47871.92","2016-06-14T00:00:00.000Z","486217:20160614:I1001:100001","TOLEDO_STAR100001"
"2820.0","2016-04-26T00:00:00.000Z","645760:20160426:I9137:910037","TOLEDO_STAR910037"
"914.0","2016-05-17T00:00:00.000Z","745891:20160517:I9137:910037","TOLEDO_STAR910037"
"223.11","2016-07-05T00:00:00.000Z","387075:20160705:I8514:851004","TOLEDO_STAR851004"
"431.19","2012-12-10T00:00:00.000Z","498085:20121210:I3009:300009","TOLEDO_STAR300009"
"635.84","2016-05-11T00:00:00.000Z","498115:20160511:I3009:300009","TOLEDO_STAR300009"
"40.04","2016-06-07T00:00:00.000Z","645761:20160607:I9137:910037","TOLEDO_STAR910037"
"7819.4","2016-12-12T00:00:00.000Z","1095830:20161212:I3009:300009","TOLEDO_STAR300009"
"559.3","2016-04-05T00:00:00.000Z","486215:20160405:I3009:300009","TOLEDO_STAR300009"
"1586.1","2016-04-11T00:00:00.000Z","486216:20160411:I3009:300009","TOLEDO_STAR300009"
"0.0","2016-02-24T00:00:00.000Z","486212:20160224:I3009:300009","TOLEDO_STAR300009"
"0.0","2016-02-22T00:00:00.000Z","486211:20160222:I3009:300009","TOLEDO_STAR300009"
"839.8","2016-02-29T00:00:00.000Z","486210:20160229:I3009:300009","TOLEDO_STAR300009"
"11.63","2015-10-21T00:00:00.000Z","486201:20151021:I3009:300009","TOLEDO_STAR300009"
"11.63","2015-12-08T00:00:00.000Z","486205:20151208:I3009:300009","TOLEDO_STAR300009"
"15.99","2015-12-17T00:00:00.000Z","486206:20151217:I3009:300009","TOLEDO_STAR300009"
"1216.0","2016-08-16T00:00:00.000Z","486204:20160816:I3009:300009","TOLEDO_STAR300009"
"-1216.0","2016-04-04T00:00:00.000Z","486204:20160404:I3009:300009","TOLEDO_STAR300009"
"4400.7","2016-03-17T00:00:00.000Z","486204:20160317:I1001:100001","TOLEDO_STAR100001"
"-4716.41","2016-01-13T00:00:00.000Z","486204:20160113:I1001:100001","TOLEDO_STAR100001"
"0.0","2015-12-30T00:00:00.000Z","486204:20151230:I3009:300009","TOLEDO_STAR300009"
"1216.0","2015-12-13T00:00:00.000Z","486204:20151213:I3009:300009","TOLEDO_STAR300009"
"4716.41","2015-12-08T00:00:00.000Z","486204:20151208:I1001:100001","TOLEDO_STAR100001"
"0.0","2016-10-03T00:00:00.000Z","1051955:20161003:I3009:300009","TOLEDO_STAR300009"
"5882.58","2016-09-28T00:00:00.000Z","1051955:20160928:I1001:100001","TOLEDO_STAR100001"
"1866.0","2016-11-14T00:00:00.000Z","1069298:20161114:I3009:300009","TOLEDO_STAR300009"
"23143.82","2016-05-10T00:00:00.000Z","645762:20160510:I9137:910037","TOLEDO_STAR910037"
"10.83","2016-06-06T00:00:00.000Z","708770:20160606:I8514:851004","TOLEDO_STAR851004"
"8962.38","2016-11-13T00:00:00.000Z","1077598:20161113:I3009:300009","TOLEDO_STAR300009"
"50.0","2016-10-23T00:00:00.000Z","1077598:20161023:P0003:","TOLEDO_STARPatient"
"125.54","2014-06-08T00:00:00.000Z","275393:20140608:P0002:","TOLEDO_STARPatient"
"292.94","2014-05-13T00:00:00.000Z","275393:20140513:I8511:851001","TOLEDO_STAR851001"
"75.0","2015-02-01T00:00:00.000Z","445277:20150201:P0003:","TOLEDO_STARPatient"
"998.67","2014-12-11T00:00:00.000Z","445277:20141211:I8519:851009","TOLEDO_STAR851009"
"8736.0","2016-03-01T00:00:00.000Z","645744:20160301:I9137:910037","TOLEDO_STAR910037"
"1180.42","2014-09-10T00:00:00.000Z","486182:20140910:I3009:300009","TOLEDO_STAR300009"
"59.94","2014-10-20T00:00:00.000Z","444677:20141020:P0003:","TOLEDO_STARPatient"
"0.98","2014-09-25T00:00:00.000Z","444677:20140925:I6399:603099","TOLEDO_STAR603099"
"238.81","2014-09-10T00:00:00.000Z","444677:20140910:I1004:100004","TOLEDO_STAR100004"
"47.12","2015-07-12T00:00:00.000Z","444679:20150712:P0003:","TOLEDO_STARPatient"
"0.77","2014-10-05T00:00:00.000Z","444679:20141005:I6399:603099","TOLEDO_STAR603099"
"187.71","2014-09-18T00:00:00.000Z","444679:20140918:I1004:100004","TOLEDO_STAR100004"
"46.36","2015-07-12T00:00:00.000Z","444680:20150712:P0003:","TOLEDO_STARPatient"
"0.76","2014-10-26T00:00:00.000Z","444680:20141026:I6399:603099","TOLEDO_STAR603099"
"184.69","2014-10-07T00:00:00.000Z","444680:20141007:I1004:100004","TOLEDO_STAR100004"
"0.22","2014-10-19T00:00:00.000Z","444681:20141019:I6399:603099","TOLEDO_STAR603099"
"54.12","2014-10-06T00:00:00.000Z","444681:20141006:I1004:100004","TOLEDO_STAR100004"
"0.22","2014-11-16T00:00:00.000Z","444682:20141116:I6399:603099","TOLEDO_STAR603099"
"80.48","2014-10-30T00:00:00.000Z","444682:20141030:I1004:100004","TOLEDO_STAR100004"
"0.22","2014-11-05T00:00:00.000Z","444683:20141105:I6399:603099","TOLEDO_STAR603099"
"54.12","2014-11-03T00:00:00.000Z","444683:20141103:I1004:100004","TOLEDO_STAR100004"
"60.92","2014-12-30T00:00:00.000Z","444684:20141230:I6399:603099","TOLEDO_STAR603099"
"238.81","2014-12-17T00:00:00.000Z","444684:20141217:I1004:100004","TOLEDO_STAR100004"
"2.94","2015-06-08T00:00:00.000Z","444694:20150608:I1004:100004","TOLEDO_STAR100004"
"0.22","2014-08-12T00:00:00.000Z","444671:20140812:I6010:600001","TOLEDO_STAR600001"
"54.12","2014-07-13T00:00:00.000Z","444671:20140713:I1004:100004","TOLEDO_STAR100004"
"-40.72","2015-05-10T00:00:00.000Z","444687:20150510:P1899:","TOLEDO_STARPatient"
"157.88","2016-06-14T00:00:00.000Z","282861:20160614:I8514:851004","TOLEDO_STAR851004"
"19.5","2016-05-31T00:00:00.000Z","645763:20160531:I9137:910037","TOLEDO_STAR910037"
"839.8","2016-05-30T00:00:00.000Z","486218:20160530:I3009:300009","TOLEDO_STAR300009"
"834.17","2016-07-05T00:00:00.000Z","282862:20160705:I8514:851004","TOLEDO_STAR851004"
"160.82","2013-07-31T00:00:00.000Z","720073:20130731:I6734:607034","TOLEDO_STAR607034"
"839.8","2016-06-16T00:00:00.000Z","486219:20160616:I3009:300009","TOLEDO_STAR300009"
"170.41","2016-05-31T00:00:00.000Z","645764:20160531:I9137:910037","TOLEDO_STAR910037"
"839.8","2016-06-16T00:00:00.000Z","486221:20160616:I3009:300009","TOLEDO_STAR300009"
"0.0","2016-04-25T00:00:00.000Z","635417:20160425:I8511:851001","TOLEDO_STAR851001"
"153.98","2016-06-15T00:00:00.000Z","869847:20160615:I2001:200001","TOLEDO_STAR200001"
"0.0","2016-07-27T00:00:00.000Z","645766:20160727:I9137:910037","TOLEDO_STAR910037"
"19.5","2016-06-14T00:00:00.000Z","645766:20160614:I9137:910037","TOLEDO_STAR910037"
"22763.24","2016-06-14T00:00:00.000Z","645767:20160614:I9137:910037","TOLEDO_STAR910037"
"0.29","2016-06-29T00:00:00.000Z","444705:20160629:I6399:603099","TOLEDO_STAR603099"
"71.01","2016-06-26T00:00:00.000Z","444705:20160626:I1004:100004","TOLEDO_STAR100004"
"82.84","2016-08-01T00:00:00.000Z","498116:20160801:P0003:","TOLEDO_STARPatient"
"745.56","2016-07-05T00:00:00.000Z","498116:20160705:I3009:300009","TOLEDO_STAR300009"
"16.81","2016-09-01T00:00:00.000Z","882449:20160901:I1004:100004","TOLEDO_STAR100004"
"110.0","2017-02-06T00:00:00.000Z","1092894:20170206:P0003:","TOLEDO_STARPatient"
"71.84","2017-02-01T00:00:00.000Z","1092894:20170201:P1899:","TOLEDO_STARPatient"
"18255.49","2016-12-28T00:00:00.000Z","1092894:20161228:I8511:851001","TOLEDO_STAR851001"
"71.01","2017-01-04T00:00:00.000Z","882450:20170104:I1004:100004","TOLEDO_STAR100004"
"-71.79","2016-11-30T00:00:00.000Z","882450:20161130:I1004:100004","TOLEDO_STAR100004"
"71.79","2016-07-04T00:00:00.000Z","882450:20160704:I1004:100004","TOLEDO_STAR100004"
"4335.98","2016-12-12T00:00:00.000Z","1088589:20161212:I3219:320019","TOLEDO_STAR320019"
"113.71","2017-01-11T00:00:00.000Z","1122388:20170111:I3114:310014","TOLEDO_STAR310014"
"445.0","2016-12-06T00:00:00.000Z","1088222:20161206:I8514:851004","TOLEDO_STAR851004"
"22763.24","2016-06-28T00:00:00.000Z","645768:20160628:I9137:910037","TOLEDO_STAR910037"
"0.0","2016-07-25T00:00:00.000Z","1030602:20160725:I8514:851004","TOLEDO_STAR851004"
"40.72","2015-05-06T00:00:00.000Z","444687:20150506:P0002:","TOLEDO_STARPatient"
"40.72","2015-02-18T00:00:00.000Z","444687:20150218:P0003:","TOLEDO_STARPatient"
"0.0","2015-01-04T00:00:00.000Z","444687:20150104:I6399:603099","TOLEDO_STAR603099"
"44.83","2014-12-28T00:00:00.000Z","444687:20141228:I1004:100004","TOLEDO_STAR100004"
"0.0","2015-02-15T00:00:00.000Z","444689:20150215:I1004:100004","TOLEDO_STAR100004"
"0.27","2015-02-10T00:00:00.000Z","444689:20150210:I6399:603099","TOLEDO_STAR603099"
"67.8","2015-02-03T00:00:00.000Z","444689:20150203:I1004:100004","TOLEDO_STAR100004"
"0.27","2015-06-16T00:00:00.000Z","444691:20150616:I6399:603099","TOLEDO_STAR603099"
"67.8","2015-06-07T00:00:00.000Z","444691:20150607:I1004:100004","TOLEDO_STAR100004"
"84.43","2015-08-31T00:00:00.000Z","444693:20150831:P0003:","TOLEDO_STARPatient"
"6.52","2015-07-12T00:00:00.000Z","444693:20150712:P0003:","TOLEDO_STARPatient"
"74.74","2015-06-21T00:00:00.000Z","444693:20150621:I6399:603099","TOLEDO_STAR603099"
"289.06","2015-06-03T00:00:00.000Z","444693:20150603:I1004:100004","TOLEDO_STAR100004"
"533.81","2015-02-15T00:00:00.000Z","445283:20150215:I8513:851003","TOLEDO_STAR851003"
"817.0","2014-11-17T00:00:00.000Z","445279:20141117:I8519:851009","TOLEDO_STAR851009"
"12.59","2014-04-16T00:00:00.000Z","445264:20140416:I8519:851009","TOLEDO_STAR851009"
"86.96","2014-06-11T00:00:00.000Z","445266:20140611:I8519:851009","TOLEDO_STAR851009"
"12.59","2014-06-11T00:00:00.000Z","445267:20140611:I8519:851009","TOLEDO_STAR851009"
"12.59","2014-06-15T00:00:00.000Z","445268:20140615:I8519:851009","TOLEDO_STAR851009"
"12.59","2014-07-07T00:00:00.000Z","445270:20140707:I8519:851009","TOLEDO_STAR851009"
"105.78","2015-09-17T00:00:00.000Z","445295:20150917:I8519:851009","TOLEDO_STAR851009"
"270.06","2015-03-11T00:00:00.000Z","445285:20150311:I8519:851009","TOLEDO_STAR851009"
"40.43","2014-01-16T00:00:00.000Z","486168:20140116:I3009:300009","TOLEDO_STAR300009"
"0.0","2014-01-12T00:00:00.000Z","486168:20140112:I3009:300009","TOLEDO_STAR300009"
"892.08","2014-01-15T00:00:00.000Z","486169:20140115:I3009:300009","TOLEDO_STAR300009"
"100.0","2014-05-11T00:00:00.000Z","486174:20140511:P0002:","TOLEDO_STARPatient"
"454.0","2014-04-22T00:00:00.000Z","486174:20140422:I3011:300011","TOLEDO_STAR300011"
"4.13","2014-05-27T00:00:00.000Z","486175:20140527:I3011:300011","TOLEDO_STAR300011"
"11.63","2014-06-02T00:00:00.000Z","486177:20140602:I3011:300011","TOLEDO_STAR300011"
"340.82","2016-07-04T00:00:00.000Z","486222:20160704:I3009:300009","TOLEDO_STAR300009"
"209.1","2016-07-18T00:00:00.000Z","486223:20160718:I3009:300009","TOLEDO_STAR300009"
"130.0","2016-07-21T00:00:00.000Z","869848:20160721:I2401:240001","TOLEDO_STAR240001"
"18.74","2016-07-27T00:00:00.000Z","645769:20160727:I9137:910037","TOLEDO_STAR910037"
"22763.24","2016-07-12T00:00:00.000Z","645770:20160712:I9137:910037","TOLEDO_STAR910037"
"1260.0","2016-09-20T00:00:00.000Z","486225:20160920:I3009:300009","TOLEDO_STAR300009"
"11335.31","2016-09-14T00:00:00.000Z","486225:20160914:I1001:100001","TOLEDO_STAR100001"
"59.81","2016-08-14T00:00:00.000Z","159852:20160814:P0011:","TOLEDO_STARPatient"
"239.23","2016-07-25T00:00:00.000Z","159852:20160725:I3102:310002","TOLEDO_STAR310002"
"66.48","2016-08-28T00:00:00.000Z","834019:20160828:I8514:851004","TOLEDO_STAR851004"
"2820.0","2016-07-19T00:00:00.000Z","645771:20160719:I9137:910037","TOLEDO_STAR910037"
"0.0","2016-08-28T00:00:00.000Z","444706:20160828:I6399:603099","TOLEDO_STAR603099"
"38.17","2016-08-25T00:00:00.000Z","444706:20160825:I6399:603099","TOLEDO_STAR603099"
"1056.78","2016-08-22T00:00:00.000Z","444706:20160822:I1004:100004","TOLEDO_STAR100004"
"330.0","2016-07-25T00:00:00.000Z","720123:20160725:I3102:310002","TOLEDO_STAR310002"
"165.62","2016-12-22T00:00:00.000Z","882451:20161222:I1004:100004","TOLEDO_STAR100004"
"139.89","2016-08-03T00:00:00.000Z","882451:20160803:I1004:100004","TOLEDO_STAR100004"
"448.97","2016-08-02T00:00:00.000Z","645772:20160802:I9137:910037","TOLEDO_STAR910037"
"16.89","2016-08-02T00:00:00.000Z","645773:20160802:I9137:910037","TOLEDO_STAR910037"
"0.0","2016-07-28T00:00:00.000Z","359801:20160728:I6721:607020","TOLEDO_STAR607020"
"1196.98","2016-03-29T00:00:00.000Z","359798:20160329:I6721:607020","TOLEDO_STAR607020"
"2364.0","2016-08-23T00:00:00.000Z","645774:20160823:I9137:910037","TOLEDO_STAR910037"
"2517.0","2016-08-02T00:00:00.000Z","645775:20160802:I9137:910037","TOLEDO_STAR910037"
"14.51","2016-08-08T00:00:00.000Z","486226:20160808:I3009:300009","TOLEDO_STAR300009"
"10808.34","2016-11-15T00:00:00.000Z","1072223:20161115:I1004:100004","TOLEDO_STAR100004"
"18.2","2016-08-28T00:00:00.000Z","981695:20160828:I8511:851001","TOLEDO_STAR851001"
"5.25","2017-01-03T00:00:00.000Z","1110201:20170103:I9132:910032","TOLEDO_STAR910032"
"13.35","2016-09-04T00:00:00.000Z","275425:20160904:I8511:851001","TOLEDO_STAR851001"
"47.74","2016-09-04T00:00:00.000Z","275426:20160904:I8511:851001","TOLEDO_STAR851001"
"70.21","2015-04-15T00:00:00.000Z","486194:20150415:I3009:300009","TOLEDO_STAR300009"
"70.21","2015-01-12T00:00:00.000Z","486192:20150112:I3009:300009","TOLEDO_STAR300009"
"456.04","2014-11-13T00:00:00.000Z","486189:20141113:I3009:300009","TOLEDO_STAR300009"
"7.18","2015-12-29T00:00:00.000Z","486187:20151229:P1899:","TOLEDO_STARPatient"
"-13.79","2014-12-08T00:00:00.000Z","486187:20141208:I3009:300009","TOLEDO_STAR300009"
"0.0","2014-12-04T00:00:00.000Z","486187:20141204:I3009:300009","TOLEDO_STAR300009"
"68.32","2014-11-03T00:00:00.000Z","486187:20141103:I3009:300009","TOLEDO_STAR300009"
"533.0","2014-11-03T00:00:00.000Z","486185:20141103:I3009:300009","TOLEDO_STAR300009"
"533.0","2014-08-17T00:00:00.000Z","486180:20140817:I3009:300009","TOLEDO_STAR300009"
"125.0","2014-03-31T00:00:00.000Z","486171:20140331:P0003:","TOLEDO_STARPatient"
"2093.0","2014-03-17T00:00:00.000Z","486171:20140317:I3009:300009","TOLEDO_STAR300009"
"-12.82","2016-02-28T00:00:00.000Z","486191:20160228:P1899:","TOLEDO_STARPatient"
"12.82","2016-02-25T00:00:00.000Z","486191:20160225:P0002:","TOLEDO_STARPatient"
"-40.0","2016-02-22T00:00:00.000Z","486191:20160222:P1899:","TOLEDO_STARPatient"
"40.0","2016-02-21T00:00:00.000Z","486191:20160221:P1899:","TOLEDO_STARPatient"
"-40.0","2016-02-01T00:00:00.000Z","486191:20160201:P1899:","TOLEDO_STARPatient"
"40.0","2016-02-01T00:00:00.000Z","486191:20160201:P0002:","TOLEDO_STARPatient"
"-40.0","2016-01-10T00:00:00.000Z","486191:20160110:P1899:","TOLEDO_STARPatient"
"40.0","2016-01-07T00:00:00.000Z","486191:20160107:P0002:","TOLEDO_STARPatient"
"-40.0","2015-12-29T00:00:00.000Z","486191:20151229:P1899:","TOLEDO_STARPatient"
"40.0","2015-12-08T00:00:00.000Z","486191:20151208:P0002:","TOLEDO_STARPatient"
"-40.0","2015-11-03T00:00:00.000Z","486191:20151103:P1899:","TOLEDO_STARPatient"
"40.0","2015-11-03T00:00:00.000Z","486191:20151103:P0002:","TOLEDO_STARPatient"
"-40.0","2015-10-07T00:00:00.000Z","486191:20151007:P1899:","TOLEDO_STARPatient"
"40.0","2015-10-06T00:00:00.000Z","486191:20151006:P0002:","TOLEDO_STARPatient"
"-40.0","2015-09-02T00:00:00.000Z","486191:20150902:P1899:","TOLEDO_STARPatient"
"40.0","2015-09-01T00:00:00.000Z","486191:20150901:P0002:","TOLEDO_STARPatient"
"-40.0","2015-08-09T00:00:00.000Z","486191:20150809:P1899:","TOLEDO_STARPatient"
"40.0","2015-08-05T00:00:00.000Z","486191:20150805:P0002:","TOLEDO_STARPatient"
"-40.0","2015-07-12T00:00:00.000Z","486191:20150712:P1899:","TOLEDO_STARPatient"
"909.5","2016-09-04T00:00:00.000Z","282863:20160904:I8514:851004","TOLEDO_STAR851004"
"10.27","2015-07-22T00:00:00.000Z","444696:20150722:I6399:603099","TOLEDO_STAR603099"
"156.95","2015-07-14T00:00:00.000Z","444696:20150714:I1004:100004","TOLEDO_STAR100004"
"0.0","2016-09-04T00:00:00.000Z","445307:20160904:I8519:851009","TOLEDO_STAR851009"
"11.53","2016-09-15T00:00:00.000Z","981697:20160915:I8511:851001","TOLEDO_STAR851001"
"0.0","2016-09-11T00:00:00.000Z","905729:20160911:I3206:320006","TOLEDO_STAR320006"
"92.7","2017-01-15T00:00:00.000Z","1113053:20170115:I8514:851004","TOLEDO_STAR851004"
"10.19","2016-08-29T00:00:00.000Z","873250:20160829:I3102:310002","TOLEDO_STAR310002"
"23.3","2016-08-29T00:00:00.000Z","873251:20160829:I3102:310002","TOLEDO_STAR310002"
"13.35","2016-09-18T00:00:00.000Z","275427:20160918:I8511:851001","TOLEDO_STAR851001"
"0.0","2016-12-29T00:00:00.000Z","1113401:20161229:I6721:607020","TOLEDO_STAR607020"
"222.32","2016-12-19T00:00:00.000Z","1096750:20161219:I3009:300009","TOLEDO_STAR300009"
"2344.73","2016-11-30T00:00:00.000Z","1096750:20161130:I3009:300009","TOLEDO_STAR300009"
"11.99","2016-09-12T00:00:00.000Z","873253:20160912:I3102:310002","TOLEDO_STAR310002"
"3.83","2016-09-05T00:00:00.000Z","873253:20160905:I3102:310002","TOLEDO_STAR310002"
"499.1","2016-09-12T00:00:00.000Z","873252:20160912:I3102:310002","TOLEDO_STAR310002"
"139.89","2016-05-08T00:00:00.000Z","882445:20160508:I1004:100004","TOLEDO_STAR100004"
"0.0","2016-12-27T00:00:00.000Z","1113837:20161227:I3114:310014","TOLEDO_STAR310014"
"0.0","2016-11-02T00:00:00.000Z","1070163:20161102:I3219:320019","TOLEDO_STAR320019"
"0.0","2016-10-16T00:00:00.000Z","1070163:20161016:I3219:320019","TOLEDO_STAR320019"
"0.0","2016-09-08T00:00:00.000Z","1043972:20160908:I3114:310014","TOLEDO_STAR310014"
"3934.07","2016-08-31T00:00:00.000Z","2189:20160831:I3114:310014","TOLEDO_STAR310014"
"0.0","2016-09-29T00:00:00.000Z","2191:20160929:I3114:310014","TOLEDO_STAR310014"
"103.98","2016-09-20T00:00:00.000Z","1046588:20160920:I3102:310002","TOLEDO_STAR310002"
"35.0","2016-09-01T00:00:00.000Z","449731:20160901:P0003:","TOLEDO_STARPatient"
"35.0","2016-08-02T00:00:00.000Z","449731:20160802:P0003:","TOLEDO_STARPatient"
"50.0","2016-07-11T00:00:00.000Z","449731:20160711:P0003:","TOLEDO_STARPatient"
"35.0","2016-07-04T00:00:00.000Z","449731:20160704:P0003:","TOLEDO_STARPatient"
"25.0","2016-06-01T00:00:00.000Z","449731:20160601:P0003:","TOLEDO_STARPatient"
"40.0","2015-07-09T00:00:00.000Z","486191:20150709:P0002:","TOLEDO_STARPatient"
"-40.0","2015-06-03T00:00:00.000Z","486191:20150603:P1899:","TOLEDO_STARPatient"
"40.0","2015-06-03T00:00:00.000Z","486191:20150603:P0002:","TOLEDO_STARPatient"
"-10.0","2015-05-05T00:00:00.000Z","486191:20150505:P1899:","TOLEDO_STARPatient"
"40.0","2015-05-04T00:00:00.000Z","486191:20150504:P0002:","TOLEDO_STARPatient"
"40.0","2015-04-07T00:00:00.000Z","486191:20150407:P0002:","TOLEDO_STARPatient"
"40.0","2015-03-03T00:00:00.000Z","486191:20150303:P0002:","TOLEDO_STARPatient"
"40.0","2015-02-05T00:00:00.000Z","486191:20150205:P0002:","TOLEDO_STARPatient"
"291.84","2015-01-12T00:00:00.000Z","486191:20150112:I3009:300009","TOLEDO_STAR300009"
"111.41","2015-10-13T00:00:00.000Z","645725:20151013:I9137:910037","TOLEDO_STAR910037"
"2733.17","2015-10-19T00:00:00.000Z","645726:20151019:I9137:910037","TOLEDO_STAR910037"
"16.89","2015-11-03T00:00:00.000Z","645728:20151103:I9137:910037","TOLEDO_STAR910037"
"6.41","2015-10-06T00:00:00.000Z","645720:20151006:I9137:910037","TOLEDO_STAR910037"
"25.06","2015-10-13T00:00:00.000Z","645723:20151013:I9137:910037","TOLEDO_STAR910037"
"18.69","2016-03-15T00:00:00.000Z","645751:20160315:I9137:910037","TOLEDO_STAR910037"
"163.52","2014-07-03T00:00:00.000Z","720078:20140703:P0011:","TOLEDO_STARPatient"
"0.0","2014-03-10T00:00:00.000Z","720078:20140310:I3102:310002","TOLEDO_STAR310002"
"0.0","2014-04-27T00:00:00.000Z","720082:20140427:I3102:310002","TOLEDO_STAR310002"
"66.48","2016-08-28T00:00:00.000Z","708771:20160828:I8514:851004","TOLEDO_STAR851004"
"124.1","2017-01-03T00:00:00.000Z","1110644:20170103:I2401:240001","TOLEDO_STAR240001"
"229.34","2015-02-11T00:00:00.000Z","445282:20150211:I8513:851003","TOLEDO_STAR851003"
"32.82","2015-12-29T00:00:00.000Z","486183:20151229:P1899:","TOLEDO_STARPatient"
"40.0","2015-11-03T00:00:00.000Z","486183:20151103:P1899:","TOLEDO_STARPatient"
"40.0","2015-10-07T00:00:00.000Z","486183:20151007:P1899:","TOLEDO_STARPatient"
"40.0","2015-09-02T00:00:00.000Z","486183:20150902:P1899:","TOLEDO_STARPatient"
"100.0","2015-08-17T00:00:00.000Z","486183:20150817:P0001:","TOLEDO_STARPatient"
"40.0","2015-08-09T00:00:00.000Z","486183:20150809:P1899:","TOLEDO_STARPatient"
"40.0","2015-07-12T00:00:00.000Z","486183:20150712:P1899:","TOLEDO_STARPatient"
"40.0","2015-06-03T00:00:00.000Z","486183:20150603:P1899:","TOLEDO_STARPatient"
"10.0","2015-05-05T00:00:00.000Z","486183:20150505:P1899:","TOLEDO_STARPatient"
"25.0","2016-05-02T00:00:00.000Z","449731:20160502:P0003:","TOLEDO_STARPatient"
"30.0","2016-03-29T00:00:00.000Z","449731:20160329:P0003:","TOLEDO_STARPatient"
"294.7","2016-01-05T00:00:00.000Z","449731:20160105:I3102:310002","TOLEDO_STAR310002"
"24.37","2017-01-24T00:00:00.000Z","1129593:20170124:I6721:607020","TOLEDO_STAR607020"
"31.53","2014-07-13T00:00:00.000Z","275397:20140713:I8511:851001","TOLEDO_STAR851001"
"176.29","2016-12-05T00:00:00.000Z","1086448:20161205:I8511:851001","TOLEDO_STAR851001"
"411.07","2016-10-06T00:00:00.000Z","1049304:20161006:I8511:851001","TOLEDO_STAR851001"
"0.0","2016-10-06T00:00:00.000Z","1050183:20161006:I8511:851001","TOLEDO_STAR851001"
"0.0","2017-02-01T00:00:00.000Z","1055858:20170201:I8511:851001","TOLEDO_STAR851001"
"13.35","2016-10-16T00:00:00.000Z","1055858:20161016:I8511:851001","TOLEDO_STAR851001"
"0.0","2017-02-01T00:00:00.000Z","1060929:20170201:I8511:851001","TOLEDO_STAR851001"
"13.35","2016-10-25T00:00:00.000Z","1060929:20161025:I8511:851001","TOLEDO_STAR851001"
"13.35","2016-11-01T00:00:00.000Z","1069183:20161101:I8511:851001","TOLEDO_STAR851001"
"284.2","2016-11-07T00:00:00.000Z","1076631:20161107:I3102:310002","TOLEDO_STAR310002"
"24.37","2017-01-29T00:00:00.000Z","1134701:20170129:I6721:607020","TOLEDO_STAR607020"
"6.5","2017-02-01T00:00:00.000Z","1134748:20170201:I3102:310002","TOLEDO_STAR310002"
"19.07","2017-01-22T00:00:00.000Z","1113810:20170122:I8511:851001","TOLEDO_STAR851001"
"2.94","2016-12-29T00:00:00.000Z","1114120:20161229:I6721:607020","TOLEDO_STAR607020"
"2.94","2016-12-29T00:00:00.000Z","1114312:20161229:I6721:607020","TOLEDO_STAR607020"
"149.61","2016-11-06T00:00:00.000Z","1044939:20161106:I2401:240001","TOLEDO_STAR240001"
"0.0","2016-10-27T00:00:00.000Z","1044939:20161027:I2401:240001","TOLEDO_STAR240001"
"0.0","2016-10-23T00:00:00.000Z","1044939:20161023:I2401:240001","TOLEDO_STAR240001"
"0.0","2016-10-09T00:00:00.000Z","1044939:20161009:I2401:240001","TOLEDO_STAR240001"
"0.0","2016-10-06T00:00:00.000Z","1044939:20161006:I2401:240001","TOLEDO_STAR240001"
"0.0","2017-01-30T00:00:00.000Z","1124242:20170130:I9132:910032","TOLEDO_STAR910032"
"5.25","2017-01-08T00:00:00.000Z","1099483:20170108:I9132:910032","TOLEDO_STAR910032"
"0.0","2016-10-11T00:00:00.000Z","1056699:20161011:I3009:300009","TOLEDO_STAR300009"
"6773.31","2016-10-05T00:00:00.000Z","1056699:20161005:I1001:100001","TOLEDO_STAR100001"
"25.0","2016-11-21T00:00:00.000Z","873249:20161121:P0002:","TOLEDO_STARPatient"
"40.0","2014-12-02T00:00:00.000Z","486183:20141202:P0002:","TOLEDO_STARPatient"
"40.0","2014-11-04T00:00:00.000Z","486183:20141104:P0002:","TOLEDO_STARPatient"
"40.0","2014-10-06T00:00:00.000Z","486183:20141006:P0002:","TOLEDO_STARPatient"
"1865.54","2014-09-10T00:00:00.000Z","486183:20140910:I3009:300009","TOLEDO_STAR300009"
"0.0","2016-11-29T00:00:00.000Z","1069581:20161129:I8511:851001","TOLEDO_STAR851001"
"65.54","2016-11-29T00:00:00.000Z","1073875:20161129:I8511:851001","TOLEDO_STAR851001"
"42.12","2016-11-29T00:00:00.000Z","1071102:20161129:I8511:851001","TOLEDO_STAR851001"
"61.9","2017-01-15T00:00:00.000Z","1100100:20170115:I8511:851001","TOLEDO_STAR851001"
"6336.01","2016-06-30T00:00:00.000Z","664035:20160630:I9123:910023","TOLEDO_STAR910023"
"20.0","2015-02-23T00:00:00.000Z","359784:20150223:P0003:","TOLEDO_STARPatient"
"20.0","2015-01-26T00:00:00.000Z","359784:20150126:P0003:","TOLEDO_STARPatient"
"19.93","2014-12-22T00:00:00.000Z","359784:20141222:I6721:607020","TOLEDO_STAR607020"
"232.22","2014-12-18T00:00:00.000Z","635407:20141218:I8519:851009","TOLEDO_STAR851009"
"157.25","2015-08-03T00:00:00.000Z","720098:20150803:P0011:","TOLEDO_STARPatient"
"628.99","2015-06-23T00:00:00.000Z","720098:20150623:I3102:310002","TOLEDO_STAR310002"
"89.6","2015-07-07T00:00:00.000Z","720100:20150707:I3102:310002","TOLEDO_STAR310002"
"714.74","2015-08-03T00:00:00.000Z","720099:20150803:P0011:","TOLEDO_STARPatient"
"2858.97","2015-07-07T00:00:00.000Z","720099:20150707:I3102:310002","TOLEDO_STAR310002"
"134.5","2015-09-27T00:00:00.000Z","720103:20150927:P0011:","TOLEDO_STARPatient"
"538.06","2015-09-07T00:00:00.000Z","720103:20150907:I3102:310002","TOLEDO_STAR310002"
"143.25","2015-09-08T00:00:00.000Z","720107:20150908:P0011:","TOLEDO_STARPatient"
"572.99","2015-08-24T00:00:00.000Z","720107:20150824:I3102:310002","TOLEDO_STAR310002"
"37.86","2015-12-31T00:00:00.000Z","720110:20151231:P0003:","TOLEDO_STARPatient"
"151.42","2015-11-24T00:00:00.000Z","720110:20151124:I3102:310002","TOLEDO_STAR310002"
"0.0","2015-07-27T00:00:00.000Z","898943:20150727:I3206:320006","TOLEDO_STAR320006"
"30.95","2017-01-26T00:00:00.000Z","1117497:20170126:I6721:607020","TOLEDO_STAR607020"
"32.97","2017-01-26T00:00:00.000Z","1117041:20170126:I6721:607020","TOLEDO_STAR607020"
"242.23","2017-02-05T00:00:00.000Z","1138976:20170205:I6721:607020","TOLEDO_STAR607020"
"0.0","2014-08-05T00:00:00.000Z","444670:20140805:I6399:603099","TOLEDO_STAR603099"
"25.0","2016-10-20T00:00:00.000Z","873249:20161020:P0002:","TOLEDO_STARPatient"
"25.0","2016-09-21T00:00:00.000Z","873249:20160921:P0002:","TOLEDO_STARPatient"
"651.56","2016-08-01T00:00:00.000Z","873249:20160801:I3102:310002","TOLEDO_STAR310002"
"10.83","2017-01-15T00:00:00.000Z","1109749:20170115:I8514:851004","TOLEDO_STAR851004"
"69.67","2013-07-16T00:00:00.000Z","173008:20130716:I3206:320006","TOLEDO_STAR320006"
"0.0","2016-12-06T00:00:00.000Z","1078148:20161206:I8511:851001","TOLEDO_STAR851001"
"742.88","2016-11-06T00:00:00.000Z","1069340:20161106:I2401:240001","TOLEDO_STAR240001"
"2.94","2016-07-18T00:00:00.000Z","359800:20160718:I6721:607020","TOLEDO_STAR607020"
"190.71","2016-12-07T00:00:00.000Z","1080425:20161207:I8514:851004","TOLEDO_STAR851004"
"15.43","2014-05-18T00:00:00.000Z","498093:20140518:I3009:300009","TOLEDO_STAR300009"
"562.46","2016-12-12T00:00:00.000Z","1101053:20161212:I3114:310014","TOLEDO_STAR310014"
"27.62","2017-01-15T00:00:00.000Z","1111582:20170115:I8514:851004","TOLEDO_STAR851004"
"1374.0","2016-11-22T00:00:00.000Z","1092214:20161122:I9137:910037","TOLEDO_STAR910037"
"155.25","2017-01-08T00:00:00.000Z","1100664:20170108:I9132:910032","TOLEDO_STAR910032"
"27.8","2016-08-15T00:00:00.000Z","159853:20160815:I3102:310002","TOLEDO_STAR310002"
"4634.17","2017-01-29T00:00:00.000Z","1123139:20170129:I9132:910032","TOLEDO_STAR910032"
"71.01","2016-12-15T00:00:00.000Z","1096701:20161215:I1004:100004","TOLEDO_STAR100004"
"71.01","2016-12-15T00:00:00.000Z","1094622:20161215:I1004:100004","TOLEDO_STAR100004"
"14560.0","2016-12-13T00:00:00.000Z","645779:20161213:I9137:910037","TOLEDO_STAR910037"
"411.0","2016-10-04T00:00:00.000Z","645779:20161004:I9137:910037","TOLEDO_STAR910037"
"0.0","2017-02-01T00:00:00.000Z","1097361:20170201:I3203:320003","TOLEDO_STAR320003"
"21.56","2017-01-17T00:00:00.000Z","1115578:20170117:I1004:100004","TOLEDO_STAR100004"
"3357.45","2017-01-30T00:00:00.000Z","1116052:20170130:I3114:310014","TOLEDO_STAR310014"
"6104.16","2017-02-01T00:00:00.000Z","1116379:20170201:I6721:607020","TOLEDO_STAR607020"
"340.44","2016-11-02T00:00:00.000Z","1077195:20161102:I3114:310014","TOLEDO_STAR310014"
"0.0","2017-01-30T00:00:00.000Z","1114622:20170130:I9132:910032","TOLEDO_STAR910032"
"264.6","2016-09-12T00:00:00.000Z","1043105:20160912:I3102:310002","TOLEDO_STAR310002"
"1391.04","2016-11-07T00:00:00.000Z","1084026:20161107:I3009:300009","TOLEDO_STAR300009"
"0.0","2014-07-31T00:00:00.000Z","444670:20140731:I6032:603099","TOLEDO_STAR603099"
"54.12","2014-07-08T00:00:00.000Z","444670:20140708:I1004:100004","TOLEDO_STAR100004"
"0.22","2014-08-17T00:00:00.000Z","444673:20140817:I6399:603099","TOLEDO_STAR603099"
"158.17","2014-08-04T00:00:00.000Z","444673:20140804:I1004:100004","TOLEDO_STAR100004"
"91.0","2011-02-20T00:00:00.000Z","368112:20110220:P0014:","TOLEDO_STARPatient"
"1839.75","2017-01-22T00:00:00.000Z","1119106:20170122:I8511:851001","TOLEDO_STAR851001"
"2820.0","2016-11-16T00:00:00.000Z","1090942:20161116:I9137:910037","TOLEDO_STAR910037"
"50.46","2016-09-15T00:00:00.000Z","1048988:20160915:I3114:310014","TOLEDO_STAR310014"
"0.0","2016-11-08T00:00:00.000Z","1085473:20161108:I3102:310002","TOLEDO_STAR310002"
"12.19","2016-10-04T00:00:00.000Z","1055304:20161004:I3114:310014","TOLEDO_STAR310014"
"161.03","2016-10-04T00:00:00.000Z","444704:20161004:I1004:100004","TOLEDO_STAR100004"
"0.0","2016-02-25T00:00:00.000Z","444704:20160225:I1004:100004","TOLEDO_STAR100004"
"616.22","2010-03-16T00:00:00.000Z","498079:20100316:I9137:910037","TOLEDO_STAR910037"
"5563.64","2016-09-29T00:00:00.000Z","1045609:20160929:I1004:100004","TOLEDO_STAR100004"
"0.76","2014-10-09T00:00:00.000Z","444678:20141009:I6399:603099","TOLEDO_STAR603099"
"184.69","2014-09-18T00:00:00.000Z","444678:20140918:I1004:100004","TOLEDO_STAR100004"
"18158.15","2017-01-11T00:00:00.000Z","1102290:20170111:I9137:910037","TOLEDO_STAR910037"
"15.13","2015-12-01T00:00:00.000Z","645732:20151201:I9137:910037","TOLEDO_STAR910037"
"142.02","2016-11-30T00:00:00.000Z","1090425:20161130:I1004:100004","TOLEDO_STAR100004"
"1456.0","2016-09-20T00:00:00.000Z","645776:20160920:I9137:910037","TOLEDO_STAR910037"
"11100.0","2016-08-31T00:00:00.000Z","645776:20160831:I9137:910037","TOLEDO_STAR910037"
"231.02","2004-08-23T00:00:00.000Z","359761:20040823:I1004:100004","TOLEDO_STAR100004"
"74.18","2004-09-13T00:00:00.000Z","359762:20040913:I1004:100004","TOLEDO_STAR100004"
"0.0","2012-02-16T00:00:00.000Z","359765:20120216:I1004:100004","TOLEDO_STAR100004"
"181.67","2016-11-06T00:00:00.000Z","1049086:20161106:I2401:240001","TOLEDO_STAR240001"
"0.0","2016-10-27T00:00:00.000Z","1049086:20161027:I2401:240001","TOLEDO_STAR240001"
"0.0","2016-10-23T00:00:00.000Z","1049086:20161023:I2401:240001","TOLEDO_STAR240001"
"96.88","2016-11-06T00:00:00.000Z","1070547:20161106:I2401:240001","TOLEDO_STAR240001"
"260.68","2016-12-08T00:00:00.000Z","1096581:20161208:I2401:240001","TOLEDO_STAR240001"
"200.0","2016-09-19T00:00:00.000Z","444707:20160919:P0011:","TOLEDO_STARPatient"
"536.67","2016-09-01T00:00:00.000Z","444707:20160901:I6399:603099","TOLEDO_STAR603099"
"2356.67","2016-08-10T00:00:00.000Z","444707:20160810:I1004:100004","TOLEDO_STAR100004"
"22.96","2017-01-03T00:00:00.000Z","1113239:20170103:I3009:300009","TOLEDO_STAR300009"
"5.25","2017-01-08T00:00:00.000Z","1103048:20170108:I9132:910032","TOLEDO_STAR910032"
"323.11","2016-11-29T00:00:00.000Z","1093772:20161129:I3114:310014","TOLEDO_STAR310014"
"19.58","2016-12-12T00:00:00.000Z","1100676:20161212:I3114:310014","TOLEDO_STAR310014"
"11.57","2017-01-17T00:00:00.000Z","1121601:20170117:I6721:607020","TOLEDO_STAR607020"
"24.37","2017-01-17T00:00:00.000Z","1123789:20170117:I6721:607020","TOLEDO_STAR607020"
"0.0","2017-01-05T00:00:00.000Z","1105375:20170105:I3206:320006","TOLEDO_STAR320006"
"5.25","2017-01-08T00:00:00.000Z","1105453:20170108:I9132:910032","TOLEDO_STAR910032"
"71.49","2016-12-19T00:00:00.000Z","1105496:20161219:I3114:310014","TOLEDO_STAR310014"
"19.07","2017-01-10T00:00:00.000Z","1105551:20170110:I8511:851001","TOLEDO_STAR851001"
"562.46","2016-12-14T00:00:00.000Z","1105609:20161214:I3114:310014","TOLEDO_STAR310014"
"789.6","2016-12-28T00:00:00.000Z","1113981:20161228:I9137:910037","TOLEDO_STAR910037"
"27.9","2016-12-29T00:00:00.000Z","1105777:20161229:I3009:300009","TOLEDO_STAR300009"
"85.23","2017-01-03T00:00:00.000Z","1116734:20170103:I3114:310014","TOLEDO_STAR310014"
"21.43","2017-01-19T00:00:00.000Z","1127288:20170119:I6721:607020","TOLEDO_STAR607020"
"349.08","2016-12-28T00:00:00.000Z","1106302:20161228:I9137:910037","TOLEDO_STAR910037"
"17.43","2017-01-22T00:00:00.000Z","1127571:20170122:I3009:300009","TOLEDO_STAR300009"
"789.6","2017-01-05T00:00:00.000Z","1117619:20170105:I9137:910037","TOLEDO_STAR910037"
"0.0","2017-01-17T00:00:00.000Z","1111359:20170117:I3206:320006","TOLEDO_STAR320006"
"0.0","2017-01-04T00:00:00.000Z","1114856:20170104:I6721:607020","TOLEDO_STAR607020"
"469.0","2017-01-17T00:00:00.000Z","368111:20170117:P0014:","TOLEDO_STARPatient"
"141.0","2016-01-24T00:00:00.000Z","368111:20160124:P0014:","TOLEDO_STARPatient"
"30.0","2014-01-26T00:00:00.000Z","368111:20140126:P0014:","TOLEDO_STARPatient"
"1882.79","2016-12-26T00:00:00.000Z","1110255:20161226:I3009:300009","TOLEDO_STAR300009"
"0.0","2017-01-30T00:00:00.000Z","1117599:20170130:I9132:910032","TOLEDO_STAR910032"
"40.97","2017-01-15T00:00:00.000Z","1113585:20170115:I8514:851004","TOLEDO_STAR851004"
"231.68","2016-12-08T00:00:00.000Z","1049089:20161208:I2401:240001","TOLEDO_STAR240001"
"0.0","2016-09-21T00:00:00.000Z","1049089:20160921:I2001:200001","TOLEDO_STAR200001"
"149.61","2016-11-06T00:00:00.000Z","1070549:20161106:I2401:240001","TOLEDO_STAR240001"
"178.61","2016-12-08T00:00:00.000Z","1096582:20161208:I2401:240001","TOLEDO_STAR240001"
"11614.03","2016-03-10T00:00:00.000Z","882442:20160310:I1004:100004","TOLEDO_STAR100004"
"-57.0","2013-01-16T00:00:00.000Z","498084:20130116:P0002:","TOLEDO_STARPatient"
"57.0","2012-12-26T00:00:00.000Z","498084:20121226:P0002:","TOLEDO_STARPatient"
"-57.0","2012-12-23T00:00:00.000Z","498084:20121223:P0002:","TOLEDO_STARPatient"
"57.0","2012-11-27T00:00:00.000Z","498084:20121127:P0002:","TOLEDO_STARPatient"
"-114.0","2012-11-12T00:00:00.000Z","498084:20121112:P0002:","TOLEDO_STARPatient"
"57.0","2012-10-24T00:00:00.000Z","498084:20121024:P0002:","TOLEDO_STARPatient"
"57.0","2012-09-30T00:00:00.000Z","498084:20120930:P0002:","TOLEDO_STARPatient"
"57.0","2012-08-28T00:00:00.000Z","498084:20120828:P0002:","TOLEDO_STARPatient"
"57.0","2012-07-26T00:00:00.000Z","498084:20120726:P0002:","TOLEDO_STARPatient"
"57.0","2012-06-26T00:00:00.000Z","498084:20120626:P0002:","TOLEDO_STARPatient"
"215.01","2012-05-10T00:00:00.000Z","498084:20120510:I3009:300009","TOLEDO_STAR300009"
"29.06","2013-02-10T00:00:00.000Z","359767:20130210:I1004:100004","TOLEDO_STAR100004"
"32.43","2016-11-02T00:00:00.000Z","1059100:20161102:I8514:851004","TOLEDO_STAR851004"
"556.22","2016-10-10T00:00:00.000Z","1065475:20161010:I3009:300009","TOLEDO_STAR300009"
"75.0","2014-12-04T00:00:00.000Z","635405:20141204:P0002:","TOLEDO_STARPatient"
"404.3","2014-11-16T00:00:00.000Z","635405:20141116:I8519:851009","TOLEDO_STAR851009"
"63.05","2014-07-07T00:00:00.000Z","635403:20140707:I8519:851009","TOLEDO_STAR851009"
"28.47","2015-08-18T00:00:00.000Z","359792:20150818:I6721:607020","TOLEDO_STAR607020"
"2114.67","2015-08-25T00:00:00.000Z","645709:20150825:I9137:910037","TOLEDO_STAR910037"
"293.5","2016-09-06T00:00:00.000Z","2190:20160906:I3114:310014","TOLEDO_STAR310014"
"30.4","2016-10-10T00:00:00.000Z","1066937:20161010:I3102:310002","TOLEDO_STAR310002"
"5.13","2016-10-30T00:00:00.000Z","1074768:20161030:I3009:300009","TOLEDO_STAR300009"
"12.59","2014-04-03T00:00:00.000Z","445262:20140403:I8519:851009","TOLEDO_STAR851009"
"0.0","2016-10-16T00:00:00.000Z","1067643:20161016:I3114:310014","TOLEDO_STAR310014"
"0.0","2017-01-30T00:00:00.000Z","1119348:20170130:I9132:910032","TOLEDO_STAR910032"
"89.6","2017-01-05T00:00:00.000Z","1114530:20170105:I9137:910037","TOLEDO_STAR910037"
"11.57","2017-01-10T00:00:00.000Z","1119656:20170110:I6721:607020","TOLEDO_STAR607020"
"36.11","2017-01-11T00:00:00.000Z","1119731:20170111:I1004:100004","TOLEDO_STAR100004"
"12.73","2017-01-11T00:00:00.000Z","1119734:20170111:I1004:100004","TOLEDO_STAR100004"
"7617.89","2017-01-03T00:00:00.000Z","1097993:20170103:I3114:310014","TOLEDO_STAR310014"
"63.92","2017-01-18T00:00:00.000Z","1127025:20170118:I3206:320006","TOLEDO_STAR320006"
"1310.56","2016-10-19T00:00:00.000Z","1068477:20161019:I3206:320006","TOLEDO_STAR320006"
"0.0","2017-01-05T00:00:00.000Z","1108504:20170105:I3206:320006","TOLEDO_STAR320006"
"300.0","2016-12-07T00:00:00.000Z","1108504:20161207:P0003:","TOLEDO_STARPatient"
"170.11","2016-12-21T00:00:00.000Z","1089059:20161221:I8514:851004","TOLEDO_STAR851004"
"3.53","2015-08-18T00:00:00.000Z","359793:20150818:I6721:607020","TOLEDO_STAR607020"
"25.93","2017-02-01T00:00:00.000Z","1129101:20170201:I1004:100004","TOLEDO_STAR100004"
"460.8","2016-08-29T00:00:00.000Z","159854:20160829:I3102:310002","TOLEDO_STAR310002"
"92.04","2017-01-22T00:00:00.000Z","1120882:20170122:I2401:240001","TOLEDO_STAR240001"
"21.56","2017-01-22T00:00:00.000Z","1121031:20170122:I1004:100004","TOLEDO_STAR100004"
"1717.37","2017-01-25T00:00:00.000Z","1096108:20170125:I1004:100004","TOLEDO_STAR100004"
"4410.9","2017-01-08T00:00:00.000Z","1096108:20170108:I3114:310014","TOLEDO_STAR310014"
"220.65","2016-07-20T00:00:00.000Z","22278:20160720:I2001:200001","TOLEDO_STAR200001"
"142.49","2016-07-06T00:00:00.000Z","22281:20160706:I2001:200001","TOLEDO_STAR200001"
"2145.6","2016-05-30T00:00:00.000Z","2187:20160530:I3114:310014","TOLEDO_STAR310014"
"1785.59","2016-07-28T00:00:00.000Z","51727:20160728:I9134:910034","TOLEDO_STAR910034"
"96.66","2013-05-06T00:00:00.000Z","359768:20130506:I1004:100004","TOLEDO_STAR100004"
"33.07","2015-06-11T00:00:00.000Z","359790:20150611:I6721:607020","TOLEDO_STAR607020"
"0.0","2016-08-01T00:00:00.000Z","873248:20160801:I3102:310002","TOLEDO_STAR310002"
"27.81","2016-08-28T00:00:00.000Z","4303:20160828:I8514:851004","TOLEDO_STAR851004"
"10.0","2017-01-31T00:00:00.000Z","1144298:20170131:P0011:","TOLEDO_STARPatient"
"0.0","2016-08-16T00:00:00.000Z","2188:20160816:I3114:310014","TOLEDO_STAR310014"
"0.0","2016-11-07T00:00:00.000Z","1043741:20161107:I8514:851004","TOLEDO_STAR851004"
"1642.48","2016-03-24T00:00:00.000Z","387072:20160324:I8514:851004","TOLEDO_STAR851004"
"445.0","2016-11-02T00:00:00.000Z","1068386:20161102:I8514:851004","TOLEDO_STAR851004"
"12.59","2014-05-15T00:00:00.000Z","445265:20140515:I8519:851009","TOLEDO_STAR851009"
"0.27","2015-11-15T00:00:00.000Z","444701:20151115:I6399:603099","TOLEDO_STAR603099"
"96.39","2015-10-25T00:00:00.000Z","444701:20151025:I1004:100004","TOLEDO_STAR100004"
"1773.43","2016-10-20T00:00:00.000Z","51726:20161020:I9134:910034","TOLEDO_STAR910034"
"0.0","2016-08-17T00:00:00.000Z","51726:20160817:I9134:910034","TOLEDO_STAR910034"
"874.79","2016-07-18T00:00:00.000Z","51724:20160718:I9134:910034","TOLEDO_STAR910034"
"473.63","2014-06-24T00:00:00.000Z","359773:20140624:I6721:607020","TOLEDO_STAR607020"
"2432.0","2015-11-10T00:00:00.000Z","645729:20151110:I9137:910037","TOLEDO_STAR910037"
"125.42","2002-12-02T00:00:00.000Z","359759:20021202:I1004:100004","TOLEDO_STAR100004"
"0.0","2016-08-08T00:00:00.000Z","486209:20160808:I3009:300009","TOLEDO_STAR300009"
"43.12","2016-06-14T00:00:00.000Z","486209:20160614:I1001:100001","TOLEDO_STAR100001"
"1260.0","2016-02-29T00:00:00.000Z","486209:20160229:I3009:300009","TOLEDO_STAR300009"
"55378.52","2016-02-23T00:00:00.000Z","486209:20160223:I1001:100001","TOLEDO_STAR100001"
"40.72","2015-05-10T00:00:00.000Z","444653:20150510:P0007:","TOLEDO_STARPatient"
"597.7","2003-10-13T00:00:00.000Z","444653:20031013:I8511:851001","TOLEDO_STAR851001"
"10894.46","2016-09-18T00:00:00.000Z","1050845:20160918:I3206:320006","TOLEDO_STAR320006"
"177.8","2016-10-05T00:00:00.000Z","1060772:20161005:I3206:320006","TOLEDO_STAR320006"
"177.8","2016-10-30T00:00:00.000Z","1077233:20161030:I3206:320006","TOLEDO_STAR320006"
"177.8","2016-12-05T00:00:00.000Z","1094611:20161205:I3206:320006","TOLEDO_STAR320006"
"50.94","2014-09-16T00:00:00.000Z","359780:20140916:I6721:607020","TOLEDO_STAR607020"
"5482.16","2015-10-19T00:00:00.000Z","2185:20151019:I3103:310003","TOLEDO_STAR310003"
"0.0","2005-08-14T00:00:00.000Z","359763:20050814:I8514:851004","TOLEDO_STAR851004"
"203.28","2005-07-25T00:00:00.000Z","359763:20050725:I1004:100004","TOLEDO_STAR100004"
"498.76","2016-03-27T00:00:00.000Z","720118:20160327:P0011:","TOLEDO_STARPatient"
"1995.04","2016-02-01T00:00:00.000Z","720118:20160201:I3102:310002","TOLEDO_STAR310002"
"9.92","2017-01-17T00:00:00.000Z","1082169:20170117:P1899:","TOLEDO_STARPatient"
"130.23","2016-11-03T00:00:00.000Z","1082169:20161103:I3114:310014","TOLEDO_STAR310014"
"0.0","2016-10-26T00:00:00.000Z","1076518:20161026:I3114:310014","TOLEDO_STAR310014"
"28.09","2017-01-17T00:00:00.000Z","1127755:20170117:I3114:310014","TOLEDO_STAR310014"
"141.85","2017-01-18T00:00:00.000Z","1121338:20170118:I3009:300009","TOLEDO_STAR300009"
"1392.97","2017-01-19T00:00:00.000Z","1124430:20170119:I3206:320006","TOLEDO_STAR320006"
"170.67","2017-01-19T00:00:00.000Z","1127193:20170119:I3114:310014","TOLEDO_STAR310014"
"0.0","2017-01-22T00:00:00.000Z","1127309:20170122:I6399:603099","TOLEDO_STAR603099"
"173.29","2017-01-24T00:00:00.000Z","1129311:20170124:I3114:310014","TOLEDO_STAR310014"
"0.0","2016-11-30T00:00:00.000Z","1096139:20161130:I3102:310002","TOLEDO_STAR310002"
"200.67","2015-01-21T00:00:00.000Z","173009:20150121:I3206:320006","TOLEDO_STAR320006"
"10.65","2016-12-19T00:00:00.000Z","1105080:20161219:I3114:310014","TOLEDO_STAR310014"
"10.65","2016-12-22T00:00:00.000Z","1108063:20161222:I3114:310014","TOLEDO_STAR310014"
"113.71","2017-01-25T00:00:00.000Z","1132401:20170125:I3114:310014","TOLEDO_STAR310014"
"0.0","2017-02-01T00:00:00.000Z","1130095:20170201:I3009:300009","TOLEDO_STAR300009"
"1392.97","2017-01-26T00:00:00.000Z","1132318:20170126:I3206:320006","TOLEDO_STAR320006"
"1101.68","2017-01-15T00:00:00.000Z","1122040:20170115:I3206:320006","TOLEDO_STAR320006"
"202.63","2017-01-15T00:00:00.000Z","1123614:20170115:I3206:320006","TOLEDO_STAR320006"
"-71.84","2017-02-01T00:00:00.000Z","275424:20170201:P1899:","TOLEDO_STARPatient"
"614.09","2017-01-12T00:00:00.000Z","275424:20170112:I4014:400014","TOLEDO_STAR400014"
"329.58","2016-07-05T00:00:00.000Z","275424:20160705:I8511:851001","TOLEDO_STAR851001"
"24.34","2017-01-15T00:00:00.000Z","1124346:20170115:I6721:607020","TOLEDO_STAR607020"
"70.0","2016-10-05T00:00:00.000Z","486213:20161005:P0002:","TOLEDO_STARPatient"
"70.0","2016-09-07T00:00:00.000Z","486213:20160907:P0002:","TOLEDO_STARPatient"
"60.0","2016-08-07T00:00:00.000Z","486213:20160807:P0002:","TOLEDO_STARPatient"
"60.0","2016-07-07T00:00:00.000Z","486213:20160707:P0002:","TOLEDO_STARPatient"
"60.0","2016-05-31T00:00:00.000Z","486213:20160531:P0002:","TOLEDO_STARPatient"
"50.0","2016-05-15T00:00:00.000Z","486213:20160515:P0002:","TOLEDO_STARPatient"
"50.0","2016-04-06T00:00:00.000Z","486213:20160406:P0002:","TOLEDO_STARPatient"
"134.39","2016-02-24T00:00:00.000Z","486213:20160224:I3009:300009","TOLEDO_STAR300009"
"0.0","2011-01-04T00:00:00.000Z","720069:20110104:I6734:607034","TOLEDO_STAR607034"
"10.65","2017-01-09T00:00:00.000Z","1118024:20170109:I3114:310014","TOLEDO_STAR310014"
"562.46","2017-01-04T00:00:00.000Z","1119206:20170104:I3114:310014","TOLEDO_STAR310014"
"113.71","2017-01-09T00:00:00.000Z","1122101:20170109:I3114:310014","TOLEDO_STAR310014"
"133.5","2016-11-03T00:00:00.000Z","1079997:20161103:I3009:300009","TOLEDO_STAR300009"
"505.34","2016-12-08T00:00:00.000Z","1080941:20161208:I3009:300009","TOLEDO_STAR300009"
"1112.83","2016-11-13T00:00:00.000Z","1086256:20161113:I3009:300009","TOLEDO_STAR300009"
"133.5","2016-10-24T00:00:00.000Z","1071435:20161024:I3009:300009","TOLEDO_STAR300009"
"1408.57","2016-12-01T00:00:00.000Z","1094540:20161201:I3009:300009","TOLEDO_STAR300009"
"75.0","2016-11-14T00:00:00.000Z","1094540:20161114:P0003:","TOLEDO_STARPatient"
"32.0","2016-04-14T00:00:00.000Z","330774:20160414:P0011:","TOLEDO_STARPatient"
"33.0","2016-03-06T00:00:00.000Z","330774:20160306:P0002:","TOLEDO_STARPatient"
"298.88","2016-02-10T00:00:00.000Z","330774:20160210:I3114:310014","TOLEDO_STAR310014"
"429.48","2016-03-21T00:00:00.000Z","882444:20160321:I1004:100004","TOLEDO_STAR100004"
"25.0","2011-08-07T00:00:00.000Z","498065:20110807:P0014:","TOLEDO_STARPatient"
"320.54","2010-02-23T00:00:00.000Z","498065:20100223:P0014:","TOLEDO_STARPatient"
"94.66","2009-05-10T00:00:00.000Z","498065:20090510:P0014:","TOLEDO_STARPatient"
"72.0","2008-05-14T00:00:00.000Z","498065:20080514:I9137:910037","TOLEDO_STAR910037"
"0.0","2016-11-07T00:00:00.000Z","1060320:20161107:I8511:851001","TOLEDO_STAR851001"
"35.41","2008-01-08T00:00:00.000Z","444654:20080108:I1004:100004","TOLEDO_STAR100004"
"315.89","2008-05-19T00:00:00.000Z","444656:20080519:I1004:100004","TOLEDO_STAR100004"
"152.0","2008-08-17T00:00:00.000Z","498067:20080817:I9137:910037","TOLEDO_STAR910037"
"7.49","2008-08-17T00:00:00.000Z","498066:20080817:I9137:910037","TOLEDO_STAR910037"
"578.4","2008-11-12T00:00:00.000Z","498068:20081112:I9137:910037","TOLEDO_STAR910037"
"678.4","2008-10-20T00:00:00.000Z","498069:20081020:I9137:910037","TOLEDO_STAR910037"
"152.0","2008-10-20T00:00:00.000Z","498070:20081020:I9137:910037","TOLEDO_STAR910037"
"562.46","2016-12-21T00:00:00.000Z","1109255:20161221:I3114:310014","TOLEDO_STAR310014"
"28.09","2016-12-29T00:00:00.000Z","1112537:20161229:I3114:310014","TOLEDO_STAR310014"
"562.46","2016-12-28T00:00:00.000Z","1113687:20161228:I3114:310014","TOLEDO_STAR310014"
"103.06","2015-07-15T00:00:00.000Z","708768:20150715:I8514:851004","TOLEDO_STAR851004"
"0.0","2016-09-20T00:00:00.000Z","905728:20160920:I3206:320006","TOLEDO_STAR320006"
"0.0","2016-09-14T00:00:00.000Z","1030603:20160914:I8514:851004","TOLEDO_STAR851004"
"70.56","2015-09-03T00:00:00.000Z","486199:20150903:I3009:300009","TOLEDO_STAR300009"
"50.0","2016-09-11T00:00:00.000Z","745889:20160911:P0003:","TOLEDO_STARPatient"
"50.0","2016-08-30T00:00:00.000Z","745889:20160830:P0003:","TOLEDO_STARPatient"
"50.0","2016-08-14T00:00:00.000Z","745889:20160814:P0003:","TOLEDO_STARPatient"
"50.0","2016-07-31T00:00:00.000Z","745889:20160731:P0003:","TOLEDO_STARPatient"
"0.0","2016-04-19T00:00:00.000Z","745889:20160419:I9137:910037","TOLEDO_STAR910037"
"300.0","2016-08-25T00:00:00.000Z","720117:20160825:P0003:","TOLEDO_STARPatient"
"500.0","2016-06-15T00:00:00.000Z","720117:20160615:P0003:","TOLEDO_STARPatient"
"602.56","2016-04-11T00:00:00.000Z","720117:20160411:I3102:310002","TOLEDO_STAR310002"
"18386.53","2016-02-15T00:00:00.000Z","720117:20160215:I3102:310002","TOLEDO_STAR310002"
"181.44","2015-01-25T00:00:00.000Z","173010:20150125:I3206:320006","TOLEDO_STAR320006"
"550.99","2015-02-02T00:00:00.000Z","173011:20150202:I3206:320006","TOLEDO_STAR320006"
"211.08","2015-02-22T00:00:00.000Z","173012:20150222:I3206:320006","TOLEDO_STAR320006"
"12.14","2014-04-16T00:00:00.000Z","275391:20140416:I8511:851001","TOLEDO_STAR851001"
"315.53","2014-02-02T00:00:00.000Z","275388:20140202:P0002:","TOLEDO_STARPatient"
"36.23","2014-01-15T00:00:00.000Z","275388:20140115:I8511:851001","TOLEDO_STAR851001"
"18.39","2015-01-11T00:00:00.000Z","275404:20150111:I8511:851001","TOLEDO_STAR851001"
"31.64","2014-10-13T00:00:00.000Z","275403:20141013:I8511:851001","TOLEDO_STAR851001"
"25.22","2014-11-03T00:00:00.000Z","275402:20141103:P0002:","TOLEDO_STARPatient"
"58.84","2014-10-14T00:00:00.000Z","275402:20141014:I8511:851001","TOLEDO_STAR851001"
"81.49","2014-06-08T00:00:00.000Z","275394:20140608:P0002:","TOLEDO_STARPatient"
"190.15","2014-05-15T00:00:00.000Z","275394:20140515:I8511:851001","TOLEDO_STAR851001"
"32.19","2014-10-14T00:00:00.000Z","282860:20141014:I8514:851004","TOLEDO_STAR851004"
"10.0","2014-04-30T00:00:00.000Z","359770:20140430:P1899:","TOLEDO_STARPatient"
"63.96","2014-01-29T00:00:00.000Z","359770:20140129:I6721:607020","TOLEDO_STAR607020"
"-10.0","2014-04-30T00:00:00.000Z","359774:20140430:P1899:","TOLEDO_STARPatient"
"42.04","2014-04-29T00:00:00.000Z","359774:20140429:I6721:607020","TOLEDO_STAR607020"
